Constituency Name,Percentage.Con,Percentage.Lab,Percentage.LD,Percentage.Other
Aberavon,14.248336455843399,51.91872860003877,16.260740357904258,17.57219458621358
Aberconwy,35.820596676233066,24.481078555696456,19.30854968964827,20.38977507842221
Aberdeen North,12.376329540330495,44.41791994907297,18.569799209570036,24.6359513010265
Aberdeen South,20.713854161825534,36.53390342519868,28.386856903843473,14.365385509132315
Aberdeenshire West & Kincardine,30.264409779842904,13.627613674078992,38.415753955083524,17.69222259099458
Airdrie & Shotts,8.739434851739238,58.157828670255796,8.08390750090658,25.018828977098384
Aldershot,46.71910805570245,12.094570773841001,34.41080557024502,6.775515600211528
Aldridge-Brownhills,59.30786353988715,19.793446187296166,17.68649376197132,3.212196510845369
Altrincham & Sale West,48.94620695240216,22.418156418925758,25.47122061830624,3.164416010365841
Alyn & Deeside,32.274628660170826,39.58620344162513,18.305237582346017,9.833930315858026
Amber Valley,38.61351668915096,37.4472344314374,14.439270638408983,9.499978241002655
Angus,30.922023182297153,17.215489989462593,10.77449947312961,41.08798735511064
Arfon,16.933813942787022,30.401104379170178,14.057826520438685,38.60725515760411
Argyll & Bute,24.025040369854224,22.7265688941978,31.614572964363923,21.633817771584045
Arundel & South Downs,57.75606444928727,8.636704655067701,27.94112393269265,5.6661069629523775
Ashfield,22.196862810191718,33.693667524275874,33.295294215287576,10.814175450244834
Ashford,54.14152396484552,16.67844522968198,22.797861737791067,6.382169067681436
Ashton Under Lyne,24.745004163197333,48.40757701915071,14.839196502914238,12.008222314737719
Aylesbury,52.17260449193033,12.593581881795268,28.437605808660322,6.796207817614085
"Ayr, Carrick & Cumnock",25.53984267753252,47.1357287603774,9.291177303728237,18.03325125836184
Ayrshire Central,20.364340202664238,47.70579528634863,11.92303313218718,20.006831378799955
Ayrshire North & Arran,15.638823835545146,47.40220313990805,10.03989938416168,26.919073640385115
Banbury,52.813783538699525,19.15506481036966,20.405042584591314,7.626109066339504
Banff & Buchan,30.783029168616437,13.991576977070661,11.347683668694431,43.87771018561847
Barking,17.80429173191011,54.3148887369605,8.20192753015901,19.67889200097038
Barnsley Central,17.2643982595065,47.26088484095025,17.28061403745845,18.194102862084808
Barnsley East,16.48778200385557,47.04579794716824,18.155056531026936,18.311363517949253
Barrow & Furness,36.3022391442299,48.105339497778985,10.026289547638473,5.566131810352642
Basildon & Billericay,52.7364141547788,23.055642425846184,15.728066588082465,8.47987683129255
Basildon South & Thurrock East,43.8672180619202,30.964569129317088,13.360903096009835,11.807309712752879
Basingstoke,50.51920874955581,20.387333675524143,24.50744265013622,4.586014924783828
Bassetlaw,33.89273251709462,50.46291627165823,11.235048510397966,4.409302700849184
Bath,31.363887355052455,6.9043877160939555,56.60068810262074,5.131036826232851
Batley & Spen,33.57334324678628,42.19413410553914,15.838697685339175,8.393824962335401
Battersea,47.34997540580423,35.10001639613051,14.7073290703394,2.8426791277258565
Beaconsfield,61.06496475519146,11.687940560106687,19.567536673652125,7.679558011049724
Beckenham,57.87233150190831,14.454976303317535,20.578366816256345,7.094325378517804
Bedford,38.90293113387433,35.90306416566893,19.859429737040486,5.334574963416257
Bedfordshire Mid,52.48920706049511,14.769477384920851,24.888427418620328,7.852888135963713
Bedfordshire North East,55.78377016129033,16.123631912442395,21.685987903225808,6.406610023041474
Bedfordshire South West,52.81246307165085,19.592704927718913,20.0220585338953,7.572773466734943
Bermondsey & Old Southwark,17.10599986562451,29.24906497054937,48.3527804528454,5.292154710980717
Berwick-upon-Tweed,36.72311974817243,13.166315460860064,43.721220635292276,6.389344155675225
"Berwickshire, Roxburgh & Selkirk",33.7760639817195,10.207287713714448,45.354388542049215,10.662259762516832
Bethnal Green & Bow,13.939047468853493,42.942753508910265,20.126951584923514,22.991247437312726
Beverley & Holderness,47.11178781556044,21.09814094249892,22.699674805917404,9.090396436023234
Bexhill & Battle,51.56355908916043,11.951563559089161,27.968197556194696,8.516679795555717
Bexleyheath & Crayford,50.47010328377565,26.515677828724932,12.741420036126163,10.272798851373258
Birkenhead,18.931008125017694,62.51450896016759,18.55448291481471,0.0
Birmingham Edgbaston,37.574270525125684,40.638906930312,15.364075918308437,6.422746626253879
Birmingham Erdington,32.611264277274515,41.83030439430597,16.153716311258652,9.404715017160862
Birmingham Hall Green,15.02247214070228,32.916042440536046,24.602376505838652,27.459108912923018
Birmingham Hodge Hill,11.62177434545112,51.980128084385,27.724147673761536,8.673949896402336
Birmingham Ladywood,11.9359249853487,55.67493651103731,27.474674183015658,4.914464320598331
Birmingham Northfield,33.622710097096665,40.27598412015115,15.664609939254795,10.436695843497393
Birmingham Perry Barr,21.310500654061126,50.28421928885718,21.962183374955405,6.443096682126294
Birmingham Selly Oak,31.07188110731697,38.54992161158001,22.273049416919015,8.105147864184008
Birmingham Yardley,19.18237454100367,32.21542227662179,39.56425948592411,9.037943696450428
Bishop Auckland,26.26653053286659,38.95128354725787,22.338098016336055,12.44408790353948
Blackburn,26.143431723774146,47.80544627354447,15.204729774280754,10.846392228400624
Blackley & Broughton,18.301952987954625,54.271430242076946,14.211788094959655,13.214828675008771
Blackpool North & Cleveleys,41.79251558227193,36.49577492547609,13.303441649626766,8.408267842625213
Blackpool South,35.795067060695615,41.05762673334849,14.44078199590816,8.706524210047737
Blaenau Gwent,6.991819725266245,52.39697484179657,10.140453773730513,30.47075165920667
Blaydon,15.939705653151648,49.64486896889542,29.345623761494444,5.069801616458487
Blyth Valley,16.62604366540476,44.48477933931442,27.1949385469066,11.694238448374215
Bognor Regis & Littlehampton,51.41082557841714,14.044224366088962,23.52941176470588,11.015538290788013
Bolsover,24.579430753841958,50.0,15.506501773210877,9.914067472947167
Bolton North East,36.47665041476997,45.91353374771819,12.995355500612336,4.614460336899508
Bolton South East,25.623674376325624,47.42450257549742,15.87970912029088,11.072113927886072
Bolton West,38.32814864637633,38.52152345720531,17.187237262485286,5.963090633933075
Bootle,8.910531288611091,66.44378225161712,15.129490999830415,9.516195459941372
Boston & Skegness,49.449275362318836,20.63536231884058,14.773333333333333,15.142028985507247
Bosworth,42.6207760622029,15.981869771898147,33.34930169141762,8.048052474481334
Bournemouth East,48.42813011084863,13.256405596947118,30.87406868980556,7.441395602398691
Bournemouth West,45.147507141314,14.813125615113181,31.745841234787203,8.293526008785616
Bracknell,52.41483811569741,16.792619303360443,22.29361669479822,8.498925886143931
Bradford East,26.8433151247003,32.80520058333539,33.70739303457992,6.6440912573843836
Bradford South,29.10909330175023,41.273851822608236,18.286616660086853,11.330438215554677
Bradford West,31.146490536277604,45.34946766561514,11.662066246056781,11.841975552050474
Braintree,52.64109911997236,19.87683677824523,18.79356949779485,8.688494603987563
Brecon & Radnorshire,36.50920324366071,10.544471617968851,46.15523233363367,6.791092804736774
Brent Central,11.179754208679919,41.217483396950776,44.1850715972023,3.4176907971670016
Brent North,31.523194003594785,46.87368541818043,16.97770469234005,4.625415885884737
Brentford & Isleworth,37.239840044638704,33.59806565609597,23.65479401097368,5.507300288291639
Brentwood & Ongar,56.91216002530044,9.867172675521822,23.46616065781151,9.754506641366225
Bridgend,30.427412835423894,36.32878712806738,22.578037395363392,10.665762641145331
Bridgwater & Somerset West,45.28104527186978,17.12513533848384,28.30822307452333,9.285596315123042
Brigg & Goole,44.85572320736655,33.124401695765144,14.619136618498427,7.400738478369877
Brighton Kemptown,37.97447605666784,34.864769933263084,18.009600749326776,9.151153260742301
Brighton Pavilion,23.681367442219393,28.911525253694485,13.811397924142454,33.59570937994366
Bristol East,28.32041228869094,36.58839993780128,24.419663682608792,10.671524090898995
Bristol North West,37.974809281627465,25.943658614113158,31.470518118245387,4.611013986013987
Bristol South,22.91584844037456,38.448022820761935,28.662380883477685,9.973747855385824
Bristol West,18.373172891032937,27.511879596003396,48.04777133358628,6.067176179377383
Broadland,46.20320449540588,13.833624420988686,32.36008808565571,7.603082997949731
Bromley & Chislehurst,53.520902877126055,16.565615278061628,21.956536548811226,7.9569452960010905
Bromsgrove,43.69165214022855,21.78965717606043,19.608754600038736,14.909936083672285
Broxbourne,58.79363966884226,17.60918130448114,13.375531122694817,10.221647903981777
Broxtowe,39.04071917613367,38.30295673943141,16.892673582794394,5.763650501640526
Buckingham,,,,100.0
Burnley,16.608913848727447,31.339467080893773,35.68407217110766,16.367546899271122
Burton,44.53364911787728,31.880858238163096,15.838066756317362,7.747425887642254
Bury North,40.190387224483445,35.20161918106804,17.003625364204535,7.604368230243989
Bury South,33.59645306316945,40.416847949945094,18.223631052271738,7.763067934613711
Bury St Edmunds,47.51353928948534,16.6490684287612,26.429714908545932,9.407677373207534
Caerphilly,17.11464902305386,44.911092732347775,14.700713325752094,23.273544918846273
"Caithness, Sutherland & Easter Ross",13.014460511679642,24.614154616240267,41.38973859844272,20.981646273637374
Calder Valley,39.39165701042874,26.971803785245267,25.177674777906528,8.458864426419467
Camberwell & Peckham,13.030712188430957,59.19329604149253,22.357958807518376,5.418032962558135
Camborne & Redruth,37.58030734473913,16.343868401854422,37.42498764502389,8.650836608382557
Cambridge,25.59146219828446,24.28485936564931,39.140235387991225,10.983443048075005
Cambridgeshire North East,51.59419176398279,17.812692071296865,20.046481253841424,10.546634910878918
Cambridgeshire North West,50.48641971072182,16.946622514283753,21.87258720381586,10.69437057117856
Cambridgeshire South,47.404158764562446,10.20048767271742,34.132010295312924,8.263343267407206
Cambridgeshire South East,47.96534842540189,7.603902642269365,37.6427901808965,6.787958751432242
Cannock Chase,40.104040913979674,33.09115652231173,16.971399723435546,9.833402840273052
Canterbury,44.8088764250442,16.135259810197322,32.518441748460646,6.537422016297832
Cardiff Central,21.573400459185084,28.768222179192833,41.426239938037675,8.23213742358441
Cardiff North,37.497375603611175,37.09006928406466,18.316187276926307,7.096367835397858
Cardiff South & Penarth,28.29227613874552,38.90554215781289,22.256530460456624,10.545651242984967
Cardiff West,29.64744372283803,41.2471312075785,17.544801992284782,11.560623077298695
Carlisle,39.31042654028436,37.28909952606635,15.561611374407583,7.838862559241706
Carmarthen East & Dinefwr,22.377732761569018,26.479177080318856,12.125437373391913,39.01765278472021
Carmarthen West & Pembrokeshire South,41.101538005776774,32.65114671538253,12.071987557706075,14.175327721134618
Carshalton & Wallington,36.848294786358295,8.743847728559606,48.303497539091424,6.104359945990679
Castle Point,43.9879180917692,14.67818593701417,9.39901390307822,31.93488206813841
Ceredigion,11.555753045114747,5.776569606356841,50.02613832401066,32.64153902451775
Charnwood,49.60591685032311,19.6780097867095,21.53636397594412,9.179709387023271
Chatham & Aylesford,46.17983427306138,32.325883991142966,13.312940854201383,8.181340881594265
Cheadle,40.8382845825716,9.369287020109688,47.06924131627056,2.7231870810481413
Chelmsford,46.17258622900372,10.953785283827596,36.81241184767278,6.061216639495906
Chelsea & Fulham,60.45012043356082,18.494078683259733,16.24096748293858,4.814833400240867
Cheltenham,41.18326829083469,5.120675936801425,50.50392149433562,3.192134278028265
Chesham & Amersham,60.36534207917016,5.609793303333079,28.502783921897645,5.522080695599115
"Chester, City of",40.59628125667878,35.07587091258816,19.08527463133148,5.242573199401582
Chesterfield,15.737690612796964,39.03008355330614,37.83241344706473,7.399812386832173
Chichester,55.34189163012662,10.454857625865074,27.383027805659747,6.820222938348566
Chingford & Woodford Green,52.760636570315036,22.688256855194172,16.80044541363151,7.750661160859278
Chippenham,41.04228309630619,6.910375107378067,45.757373293881834,6.2899685024339025
Chipping Barnet,48.806512804299715,25.239092633575723,20.158868163136262,5.795526398988303
Chorley,38.015831558645075,43.22537871177723,13.9771768393137,4.781612890263993
Christchurch,56.43516270033997,9.81261129998381,25.250930872591876,8.501295127084346
Cities of London & Westminster,52.16214020741382,22.171075789986734,20.50851588096721,5.158268121632234
Clacton,53.02738677735779,25.04232080328363,12.932773693852468,8.997518725506112
Cleethorpes,42.11848952541921,32.56015656273629,18.21820931370369,7.103144598140817
Clwyd South,30.209624866641676,38.38124621550705,17.199619388137595,14.209509529713676
Clwyd West,41.544435989609305,24.70152974206922,15.22132717588098,18.532707092440504
"Coatbridge, Chryston & Bellshill",8.103758856731115,66.59781433889756,8.452023537888795,16.846403266482525
Colchester,32.87674201868268,12.310626584884805,48.009276317215374,6.803355079217148
Colne Valley,36.964699074074076,26.383463541666668,28.21723090277778,8.434606481481481
Congleton,45.78574241827491,17.22528554549035,31.876723119338322,5.112248916896416
Copeland,37.08135648678337,46.03968495103653,10.201696777058453,6.677261785121649
Corby,42.197064680286154,38.70307544804189,14.444280551663102,4.65557932000885
Cornwall North,41.69370677141149,4.207582614635812,48.05738194859534,6.041328665357356
Cornwall South East,45.125662575327006,7.068141967470827,38.63595138762924,9.170244069572929
"Cotswolds, The",53.025605485847684,10.73460752845054,29.5648526407937,6.674934344908083
Coventry North East,22.14922896065279,49.29119701265473,16.619413134176984,11.940160892515502
Coventry North West,29.312714776632305,42.81786941580756,17.920962199312715,9.948453608247423
Coventry South,33.42914380280463,41.80167232819441,18.02543332462329,6.743750544377668
Crawley,44.76254631188952,32.283597170764565,14.407207814078815,8.546648703267094
Crewe & Nantwich,45.84605747396445,34.01064912692819,14.987080103359174,5.156213295748179
Croydon Central,39.39637989006785,33.59977449815773,13.193871182072602,13.809974429701812
Croydon North,24.1233841628609,56.01633253347782,13.983280439662513,5.8770028639987615
Croydon South,50.92858918362274,20.040126415965343,22.843649018145662,6.187635382266254
"Cumbernauld, Kilsyth & Kirkintilloch East",8.279465370595384,57.22721749696233,9.53584447144593,24.957472660996356
Cynon Valley,10.074976569821931,52.48694604364707,13.790333377962243,23.64774400856875
Dagenham & Rainham,34.32582745523603,40.27174896002894,8.604630132031108,16.797793452703925
Darlington,31.47845953002611,39.376631853785895,23.419433047370383,5.725475568817606
Dartford,48.777955271565496,27.55591054313099,14.698482428115017,8.967651757188499
Daventry,56.499401243867574,15.776258353613784,19.438328118360566,8.28601228415807
Delyn,34.63930348258707,40.78250054077439,15.539152065758167,9.03904391088038
Denton & Reddish,24.870466321243523,50.99242726185731,17.874319117842433,6.26278729905673
Derby North,31.683673469387756,33.04347826086956,28.03460514640639,7.238243123336291
Derby South,28.476740798290763,43.34029328930756,20.46712634747985,7.715839564921822
Derbyshire Dales,52.11201368106029,19.36938862761864,22.471141513467295,6.047456177853784
Derbyshire Mid,48.32284229648093,24.470871530564825,20.51244138397195,6.693844788982299
Derbyshire North East,32.961262065739675,38.15962920440533,23.27465237912999,5.604456350725007
Derbyshire South,45.48880382395525,31.351276304567723,15.890834804339635,7.269085067137389
Devizes,55.069054812257235,10.166163141993957,27.004747518342686,7.760034527406129
Devon Central,51.48590202884562,6.895847641675792,34.353015425166596,7.265234904311993
Devon East,48.33496571988247,10.775634747231223,31.168537632788368,9.720861900097944
Devon North,36.01644550963543,5.204497184388456,47.358781005826074,11.420276300150036
Devon South West,55.97272362615323,12.420778178900923,24.135579622944245,7.4709185720016045
Devon West & Torridge,45.65937347304414,5.278969180375337,40.30801527408292,8.753642072497602
Dewsbury,34.99111242778847,32.1656050955414,16.94193452821804,15.901347948452083
Don Valley,29.656840165822203,37.93643482266237,17.093505297098112,15.31321971441732
Doncaster Central,24.769433465085637,39.69098095580309,21.068391424122648,14.47119415498862
Doncaster North,21.039944073475883,47.33746353928115,14.88320516838223,16.739387218860738
Dorset Mid & Poole North,44.52209968367958,5.8733008463708645,45.09703342737454,4.50756604257502
Dorset North,51.05188304612032,5.374854546462016,36.96828651114682,6.604975896270848
Dorset South,45.05466110117273,30.260385609222816,18.996223414828066,5.688729874776386
Dorset West,47.59056106876886,6.65364424368209,40.748556778345566,5.007237909203481
Dover,44.00912970129999,33.54172868909397,15.802322119678475,6.646819489927558
Dudley North,36.977358686078446,38.658618724418425,10.533132998290244,13.830889591212891
Dudley South,43.102318878553646,32.99882090921001,15.692388313900171,8.206471898336172
Dulwich & West Norwood,22.159538723192433,46.58605384328203,27.162235035466875,4.092172398058655
Dumfries & Galloway,31.62747014739425,45.90497000364173,8.832154562704847,13.635405286259175
"Dumfriesshire, Clydesdale & Tweeddale",38.03930968360499,28.90046195415323,19.785583543972805,13.27464481826898
Dunbartonshire East,15.498039542838074,34.13489613748227,38.68983064987069,11.67723366980896
Dunbartonshire West,7.670467988454077,61.29039890219089,8.124733828609285,22.914399280745755
Dundee East,15.226286728455927,33.34894498126602,10.56251232498521,40.862255965292846
Dundee West,9.322307816624468,48.46738134999731,11.401713085169424,30.808597748208804
Dunfermline & Fife West,6.752201360655402,46.25206856395693,35.076715631192926,11.91901444419474
"Durham, City of",13.288074029231167,44.313759404998706,37.682694802386926,4.715471763383205
Durham North,21.046207923450584,50.52359215954305,21.03400297800669,7.396196938999683
Durham North West,20.00684697021568,42.311993609494465,24.93894784891019,12.742211571379663
Dwyfor Meirionnydd,22.30332802878295,13.910606794437141,12.239673424202588,51.546391752577314
Ealing Central & Acton,38.016949152542374,30.14406779661017,27.629237288135595,4.209745762711865
Ealing North,30.877973069340158,50.38592222828139,13.177985653760643,5.558119048617812
Ealing Southall,29.78061558611657,51.51089905510338,14.928898867995136,3.779586490784919
Easington,13.719424872543964,58.94197170189609,16.03081858280346,11.307784842756487
East Ham,15.176781212157305,70.41669148154766,11.61137911182578,2.795148194469259
"East Kilbride, Strathaven & Lesmahagow",12.980410630864053,51.5074785066541,9.91638205158403,25.59572881089781
East Lothian,19.65175647362747,44.5861556925205,16.858892211305708,18.903195622546328
Eastbourne,40.71636865935078,4.790499577929552,47.306423144808534,7.186708617911135
Eastleigh,39.3327120223672,9.60484622553588,46.5349487418453,4.527493010251631
Eddisbury,51.68450257629805,21.56603690491919,22.497467741225172,4.251992777557581
Edinburgh East,10.93189514611815,43.43158158785903,19.443120531794808,26.193402734228023
Edinburgh North & Leith,14.948475377988006,37.460934200523695,33.82042402229918,13.77016639918912
Edinburgh South,21.579415995068608,34.73664984817698,34.01520513230292,9.668729024451496
Edinburgh South West,24.253222471514672,42.83357529365184,18.02384408956931,14.889358145264175
Edinburgh West,23.18126036127199,27.732684565203353,35.92051155079984,13.165543522724827
Edmonton,29.84867622656463,53.65678480322956,10.530747702900166,5.963791267305645
Ellesmere Port & Neston,34.858589740691336,44.64992200393371,15.06341419302331,5.428074062351638
Elmet & Rothwell,42.62130527523347,34.51755722454247,16.327591460682214,6.533546039541845
Eltham,37.53931941664283,41.50224001525117,12.627490229720713,8.330950338385284
Enfield North,42.30085708501113,38.494589791465145,12.154410276021865,7.0501428475018555
Enfield Southgate,49.44083694083694,32.24657287157287,13.807720057720058,4.504870129870129
Epping Forest,53.984200583891464,14.255967714236647,21.503091190108194,10.256740511763695
Epsom & Ewell,56.16959330361204,11.897006641797834,26.81102720407606,5.122372850514057
Erewash,39.471474749170895,34.221905041769865,17.511859283825196,8.794760925234037
Erith & Thamesmead,31.46482719653451,44.89123269611074,12.044448629814482,11.599491477540258
Esher & Walton,58.914984507636184,10.686980914141136,24.826283849439893,5.571750728782796
Exeter,32.96074415755928,38.168698681264,20.25188049074588,8.618676670430839
Falkirk,11.221616086023198,45.703763514977254,10.290091970774169,32.78452842822538
Fareham,55.27095408961266,14.203698592326802,23.820038642009383,6.705308676051154
Faversham & Kent Mid,56.195410172974825,16.58674430553177,19.613803733516015,7.604041787977393
Feltham & Heston,34.02835009065436,43.62535025548047,13.760919729685181,8.58537992417999
Fife North East,21.752695686900957,17.145067891373802,44.336561501597444,16.765674920127797
Filton & Bradley Stoke,40.75692014658082,26.442516718080373,25.252065174634065,7.548497960704747
Finchley & Golders Green,45.99105116949764,33.672625485081745,17.040948321564137,3.29537502385648
Folkestone & Hythe,49.44886363636364,10.831439393939393,30.278409090909093,9.441287878787879
Forest of Dean,46.86545126427825,24.176117137993973,21.893648873121013,7.064782724606772
Fylde,52.245365072098885,19.739070725566492,22.06683451590753,5.948729686427099
Gainsborough,49.27006558242472,15.636230736431747,27.83090698666017,7.26279669448336
Garston & Halewood,16.130764740221835,59.52831290134267,20.11908931698774,4.221833041447753
Gateshead,14.941056538672662,54.13911179653397,21.337271610424235,9.582560054369136
Gedling,37.273293214359825,41.13094002905167,15.252126997302346,6.343639759286159
Gillingham & Rainham,46.2189543880648,27.666395930406534,18.133629718291797,7.981019963236865
Glasgow Central,7.0568999345977765,52.0209287115762,16.383257030739045,24.538914323086985
Glasgow East,4.517472951125482,61.55018032583012,5.027359781121751,28.904986941922644
Glasgow North,7.054334245095059,44.510856718333166,31.34771890723669,17.08709012933509
Glasgow North East,5.335101499540957,68.346424563909,7.691523003162297,18.62695093338774
Glasgow North West,9.940419313135855,54.05261087066494,15.800123658029342,20.20684615816986
Glasgow South,11.453085249663292,51.71846161520427,11.819723649423853,25.008729485708585
Glasgow South West,6.557377049180328,62.49960668323842,9.030552846040086,21.912463421541172
Glenrothes,7.214636675637638,62.336732426359845,7.673884595442088,22.77474630256043
Gloucester,39.92396186273737,35.156804034355055,19.240012607359546,5.679221495548027
Gordon,18.67965146078934,20.1148129164531,36.03280369041517,25.17273193234239
Gosport,51.769317625002664,16.924092971729266,21.063507957135858,10.243081446132214
Gower,31.995872429267358,38.4344028221065,19.070816635069953,10.49890811355619
Grantham & Stamford,50.288831227864165,17.99844694028296,22.208753953673366,9.50396787817951
Gravesham,48.52969156290299,28.843836543136796,13.30359596642919,9.322875927531022
Great Grimsby,30.536505431814042,32.70316198337076,22.419129695939795,14.3412028888754
Great Yarmouth,43.131198179157856,33.2001765102074,14.371646886685092,9.296978423949648
Greenwich & Woolwich,24.54355637564339,49.19393998251918,18.204331358648147,8.058172283189279
Guildford,53.30141990749906,5.060557525149819,39.29670487879497,2.341317688556157
Hackney North & Stoke Newington,14.547685155291534,54.998816211446155,23.87378661673231,6.579712016529992
Hackney South & Shoreditch,13.533062672079893,55.73755191562836,22.399552008959823,8.329833403331934
Halesowen & Rowley Regis,41.19011346324382,36.590190772868866,14.81388844675868,7.405807317128629
Halifax,33.993800941338534,37.373435885661806,19.136723682700037,9.496039490299621
Haltemprice & Howden,50.24108993167409,15.655456839772658,26.435767486714408,7.6676857418388495
Halton,20.172722434563838,57.67816536842615,13.832309255406647,8.316802941603367
Hammersmith,36.37570597656579,43.85484278850206,15.946640815982466,3.822810418949676
Hampshire East,56.77845548258862,7.878480815324357,30.477229767913165,4.86583393417386
Hampshire North East,60.588601975859,9.771623944539943,25.459491112412397,4.180282967188651
Hampshire North West,58.305186519552656,13.097650679276441,23.43503715379419,5.162125647376717
Hampstead & Kilburn,32.73257354890008,32.812085873310366,31.219946234523494,3.2353943432660635
Harborough,48.947128947128945,12.705432705432706,31.11657111657112,7.230867230867231
Harlow,44.876703587219104,33.65239983590866,13.651488217329868,7.8194083595423685
Harrogate & Knaresborough,45.74283886024015,6.423382391688938,43.787405427786354,4.046373320284564
Harrow East,44.6506686664167,37.56197142023914,14.269049702120567,3.5183102112235973
Harrow West,36.79417122040073,43.609593199757136,16.172261254228466,3.4239743256136697
Hartlepool,28.13137388211914,42.53700120286596,17.083311542283354,12.248313372731552
Harwich & Essex North,46.94081632653061,19.946938775510205,23.579591836734696,9.53265306122449
Hastings & Rye,41.08885052394909,37.08796723812583,15.708435379612157,6.114746858312924
Havant,51.09673598615129,17.714051431565043,23.39931211990069,7.78990046238298
Hayes & Harlington,29.44156483805146,54.82796632033211,8.738888758589958,6.991580083026479
Hazel Grove,33.61997093923442,12.46754484171411,48.795883852218864,5.116600366832615
Hemel Hempstead,49.97068989913282,20.810171615694042,22.87198560772978,6.34715287744335
Hemsworth,24.320255474452555,46.77463503649635,12.926551094890511,15.978558394160583
Hendon,42.34053564497348,42.11195928753181,12.364687109155993,3.182817958338724
Henley,56.154708520179376,10.902466367713004,25.16068759342302,7.782137518684603
Hereford & Herefordshire South,46.22889150699655,7.246646410781092,41.10084537318369,5.423616709038672
Herefordshire North,51.78060881264715,7.090901446350488,30.99562731247898,10.132862428523378
Hertford & Stortford,53.831012875381475,13.760225364320927,25.954818787583296,6.453942972714303
Hertfordshire North East,53.53495290034706,16.442240951908776,23.40307387208726,6.619732275656916
Hertfordshire South West,54.225550660792955,11.49955947136564,27.934801762114535,6.340088105726872
Hertsmere,56.01015443198646,18.766659614977787,17.368309710175588,7.854876242860165
Hexham,43.22378860704183,18.979831198399374,29.91283950049445,7.883540694064347
Heywood & Middleton,27.1609756097561,40.106233062330624,22.707859078590786,10.024932249322493
High Peak,40.8983451536643,31.606969028746253,21.83880644456364,5.6558793730258055
Hitchin & Harpenden,54.59813186612317,13.550368325808398,26.683970972636047,5.167528835432394
Holborn & St Pancras,20.373657340481984,46.10880345477502,27.916338816812754,5.601200387930246
Hornchurch & Upminster,51.44970968346132,20.786664169320098,13.908971717550104,13.854654429668479
Hornsey & Wood Green,16.667272264815956,34.01039206424185,46.500853893390506,2.821481777551688
Horsham,52.73365448326498,7.501656488959725,32.2110993714296,7.553589656345696
Houghton & Sunderland South,21.427632098051077,50.33271087030852,13.918623918360906,14.321033113279501
Hove,36.720929765752025,32.971356309841624,22.561673257191032,7.746040667215319
Huddersfield,27.768729641693813,38.804165432829926,24.733491264435887,8.693613661040372
Hull East,16.577931195881114,47.93763164053358,22.788439035806224,12.69599812777908
Hull North,13.111651797783185,39.18176083626205,37.256315520711304,10.45027184524346
Hull West & Hessle,20.190445960958577,42.463101095064275,24.23742263132836,13.109030312648787
Huntingdon,48.863008145063205,11.02347694689124,28.926031032322264,11.18748387572329
Hyndburn,33.84186351706037,41.083145856767906,11.794619422572177,13.28037120359955
Ilford North,45.73992938874474,34.24645880301161,12.688757497128758,7.324854311114892
Ilford South,27.37590592096267,49.42470356117286,16.954152097048308,6.245238420816159
Inverclyde,12.001492855619535,55.96342503732139,13.347728726807423,18.687353380251654
"Inverness, Nairn, Badenoch & Strathspey",13.33305016353056,22.10211103087967,40.716985940619296,23.847852864970477
Ipswich,39.13636266803008,34.70739864936835,18.227136192241325,7.929102490360239
Isle of Wight,46.695320505522034,11.626152795172493,31.713252874871912,9.965273824433565
Islington North,14.227678771827446,54.48669030838982,26.653050231180142,4.632580688602594
Islington South & Finsbury,19.398461715072894,42.26150843760762,34.06727126621513,4.272758581104351
Islwyn,13.994925614116019,49.21289355322339,10.370776150386344,26.421404682274247
Jarrow,20.632219471947195,53.913985148514854,18.468956270627064,6.984839108910891
Keighley,41.942044787385726,35.77748888702508,14.801224524029188,7.47924180156001
Kenilworth & Southam,53.571059858355184,14.3482480229605,27.65377547438624,4.426916644298073
Kensington,50.05689900426743,25.5448079658606,19.55049786628734,4.847795163584637
Kettering,49.11891480730223,29.904073698444893,15.842630155510479,5.1343813387423936
Kilmarnock & Loudoun,14.160204498098942,52.54226365647756,7.344317229824071,25.953214615599425
Kingston & Surbiton,36.539370699164785,9.344959815096916,49.776750538425176,4.338918947313127
Kingswood,40.41664927149,35.312904437857476,16.849663925186825,7.420782365465704
Kirkcaldy & Cowdenbeath,9.296537269114886,64.53648312300773,9.320553687611895,16.84642592026549
Knowsley,8.965918760356487,70.87196023108962,13.354830041649873,6.807290966904025
Lanark & Hamilton East,14.995489109421317,49.95918718047858,11.275078403574344,23.770245306525755
Lancashire West,36.18509273203639,45.14471974088668,13.560126255853774,5.110061271223155
Lancaster & Fleetwood,36.07409662537177,35.29425540385471,19.12601578417367,9.505632186599845
Leeds Central,20.166336845483233,49.296678611541964,20.82954484676686,9.707439696207947
Leeds East,23.1745695924682,50.39536667283738,17.501917330018777,8.92814640467564
Leeds North East,33.11665088881877,42.67802671715578,19.58556852845272,4.6197538655727355
Leeds North West,26.56210473058437,21.00131085711657,47.49672285720856,4.939861555090495
Leeds West,19.717691990090835,42.29201073492981,24.1871387283237,13.803158546655656
Leicester East,24.423377435149497,53.763933743098235,14.20356287113241,7.609125950619856
Leicester South,21.360665478312537,45.579747050335286,26.888634241575417,6.170953229776759
Leicester West,27.15877048493816,38.3734889304559,22.633239342248526,11.834501242357408
Leicestershire North West,44.55458885124731,30.097012627040343,16.62881121034801,8.719587311364336
Leicestershire South,49.471389046668016,20.87326163035711,21.0271726185023,8.62817670447258
Leigh,20.94198321754038,48.03527925651899,18.156185148425514,12.866552377515115
Lewes,36.73734227759144,5.007187350263536,52.00447212905287,6.250998243092158
Lewisham Deptford,13.466763706938378,53.692382338670555,23.36972343522562,9.471130519165454
Lewisham East,23.61034540616985,43.06431122510127,28.16462523071023,5.160718138018649
Lewisham West & Penge,25.51523496491072,41.087767611264105,28.1447099582482,5.252287465576974
Leyton & Wanstead,22.231629273637292,43.604173410692496,27.627679972110858,6.5365173435593515
Lichfield,54.39559373969707,19.839807613986775,20.1016232569866,5.662975389329558
Lincoln,37.538549025611864,35.22451389952101,20.244526585157804,6.992410489709323
Linlithgow & Falkirk East,11.945578231292517,49.823129251700685,12.806608357628765,25.424684159378035
Liverpool Riverside,10.935285173062551,59.271668255972784,22.74425916857813,7.048787402386536
Liverpool Walton,6.526867627785059,71.96446774428425,14.244939566040484,7.2637250618902
Liverpool Wavertree,7.464261222767315,53.09911905892283,34.195811573561215,5.240808144748642
Liverpool West Derby,9.252738654147105,64.14319248826291,12.536329085624862,14.067739771965124
Livingston,10.766693802575825,48.45847162210116,11.096499467718706,29.678335107604315
Llanelli,14.364272176396787,42.4868529937802,10.416166146125304,32.732708683697716
Loughborough,41.58181611718839,34.49600666187214,18.310685491502326,5.611491729437147
Louth & Horncastle,49.63956113597655,17.348595872776965,22.168970570760884,10.842872420485602
Ludlow,52.77846179102027,6.714273988344415,32.7731264877288,7.734137732906509
Luton North,31.78204472546376,49.26309916779022,11.120926123948115,7.833929982797899
Luton South,29.363274587834,34.880140231191966,22.662023877202955,13.094561303771082
Macclesfield,46.95059829401306,20.30404123134701,23.060788269841588,9.684572204798338
Maidenhead,59.450856291883845,7.064408041697693,28.235294117647058,5.249441548771407
Maidstone & The Weald,48.01136363636363,9.746975147155004,35.97531066056246,6.266350555918901
Makerfield,18.756711064403373,47.29158575312422,16.17966233350849,17.772040848963925
Maldon,59.841319553189265,12.673556738699238,19.321432299822526,8.163691408288965
Manchester Central,11.781501239762566,52.74375735717685,26.59854233977008,8.876199063290505
Manchester Gorton,11.021526418786692,50.12654924983691,32.63666014350946,6.215264187866928
Manchester Withington,11.114565521529613,40.45213297506162,44.658124403188914,3.7751771002198486
Mansfield,26.32709990701519,38.74987085442711,15.433412542618038,19.489616695939663
Meon Valley,56.243413091845895,6.374175416682931,32.579335649322765,4.803075842148406
Meriden,51.67746635481768,20.518768452129905,17.786894674283964,10.016870518768451
Merthyr Tydfil & Rhymney,7.519640852974187,43.66816311260756,31.023194912083802,17.789001122334454
Middlesbrough,18.780451352563144,45.885517859811685,19.913316395157672,15.420714392467493
Middlesbrough South & Cleveland East,35.61907647033367,39.24784697277881,15.882632968364566,9.250443588522957
Midlothian,11.877580143723561,47.01340400591204,17.101574843280158,24.007441007084246
Milton Keynes North,43.45865498812351,26.829720902612824,22.071704275534444,7.639919833729217
Milton Keynes South,41.62796161422659,32.228507400647,17.68745594852981,8.456075036596605
Mitcham & Morden,25.24373815558143,56.44678859282599,11.877525857935476,6.431947393657101
Mole Valley,57.54914954716147,7.002429865252926,28.734997422870183,6.713423164715411
Monmouth,48.294245362110104,25.88404737849051,19.40282465229261,6.418882607106774
Montgomeryshire,41.33321503563718,7.118563865968711,37.831603229527104,13.716617868867004
Moray,26.053555750658475,17.088576724222026,14.525412154911715,42.33245537020778
Morecambe & Lunesdale,41.52085827424256,39.52712036099088,13.332258955704946,5.619762409061608
Morley & Outwood,35.33649909939414,37.590060586212545,16.755362698542655,10.318077615850662
Motherwell & Wishaw,9.355110804386166,61.114945172916194,9.815198220995322,19.714745801702325
Na h-Eileanan an Iar (Western Isles),4.396276415030237,32.873547598015904,7.453964802609228,55.27621118434464
Neath,13.056947362749852,46.25828349765638,14.910295781477293,25.774473358116477
New Forest East,52.84794947637701,9.822927492205611,30.250219841713964,7.078903189703413
New Forest West,58.81611031699319,9.80829059110401,23.299419826788867,8.076179265113932
Newark,53.857265557898025,22.327633325525102,20.00078082298743,3.8143202935894434
Newbury,56.421853931625385,4.27554660431139,35.516905903838605,3.785693560224616
Newcastle-under-Lyme,34.36132527609919,37.95466648144289,19.60130582760297,8.082702414854946
Newcastle upon Tyne Central,19.354744269110284,45.946658078871096,24.088766577861055,10.609831074157567
Newcastle upon Tyne East,16.035940803382665,45.039640591966176,33.27167019027485,5.652748414376322
Newcastle upon Tyne North,18.126791971965595,40.845583215764805,33.0769580849224,7.9506667273471985
Newport East,22.985369252206223,36.99489084997678,32.20506270320483,7.814677194612169
Newport West,32.33887210473313,41.26132930513595,16.583585095669687,9.816213494461229
Newton Abbot,43.02549551602013,7.0148913696332045,41.94229853157426,8.017314582772403
Norfolk Mid,49.48882103811682,17.44705998227125,22.19442529301684,10.869693686595095
Norfolk North,32.07345804554882,5.831537826463422,55.48418275910675,6.610821368881013
Norfolk North West,54.21757322175732,13.290794979079498,23.234309623430963,9.257322175732217
Norfolk South,49.33900678268143,13.187132907824633,29.445565799283546,8.02829451021039
Norfolk South West,48.32756866734486,18.553407934893183,21.593082400813834,11.525940996948119
"Normanton, Pontefract & Castleford",24.468522243128096,48.21254784921819,16.403901468457363,10.915028439196348
Northampton North,34.106428943905044,29.298999279878824,27.93573539271436,8.658836383501775
Northampton South,40.83585612396737,25.43229514084868,19.44430191390015,14.2875468212838
Northamptonshire South ,55.23626648856237,17.331774920687927,21.043579896476874,6.388378694272834
Norwich North,40.589105771263476,31.426021187137387,18.28153994315646,9.703333098442675
Norwich South,22.926962629597693,28.706020903871632,29.35795251414271,19.00906395238796
Nottingham East,23.695337037931868,45.36723846339696,24.320488040589513,6.616936458081662
Nottingham North,24.81551698993729,48.55184483010063,17.059938748723933,9.572699431238151
Nottingham South,32.94270514109196,37.287013655642454,23.060138762901765,6.710142440363824
Nuneaton,41.51771715271245,36.88348340276845,15.33396048918156,6.264838955337544
Ochil & South Perthshire,20.491787037587432,37.90643761516971,11.401058075254117,30.200717271988747
Ogmore,15.578643578643577,53.8066378066378,15.18037518037518,15.434343434343434
Old Bexley & Sidcup,54.13039655324013,19.27371845599226,15.37852809285149,11.217356897916117
Oldham East & Saddleworth,26.444294699011678,31.864330637915543,31.6329739442947,10.058400718778076
Oldham West & Royton,23.656490328594735,45.45094383593568,19.093451409927756,11.799114425541832
Orkney & Shetland,10.503463248216685,10.653365036700094,61.971466969916264,16.87170474516696
Orpington,59.70027192247143,8.995931385577887,24.534358324303327,6.76943836764736
Oxford East,18.832162010416063,42.47352422992778,33.604383264602816,5.089930495053339
Oxford West & Abingdon,42.32648725212464,10.621458923512748,42.01487252124646,5.037181303116147
Paisley & Renfrewshire North,14.599492072208111,54.02567094515752,10.517766032900909,20.85707094973345
Paisley & Renfrewshire South,9.947997399869994,59.60798039901996,9.530476523826191,20.913545677283864
Pendle,38.87667887667888,30.917970917970916,20.190920190920192,10.014430014430015
Penistone & Stocksbridge,31.206466592140337,37.76120044715797,21.06801960615702,9.964313354544672
Penrith & The Border,53.387894515048686,12.939428216559095,28.45609599219287,5.216581276199348
Perth & North Perthshire,30.535758680699427,16.414601806579928,12.335294605121405,40.714344907599234
Peterborough,40.361030115520734,29.54125581498876,19.622943886749617,10.47477018274089
Plymouth Moor View,33.34055772287242,37.16466791889418,16.89543900207099,12.599335356162406
Plymouth Sutton & Devonport,34.28714630701235,31.669476466031803,24.670797831138653,9.372579395817196
Pontypridd,16.176270077172695,38.77723541763246,31.182678410733278,13.863816094461564
Poole,47.499789189645,12.735053545830171,31.602580318745254,8.162576945779577
Poplar & Limehouse,27.085653104925058,39.99785867237687,11.154175588865096,21.762312633832977
Portsmouth North,44.27444580443357,27.752844643909512,20.11423908608731,7.858470465569608
Portsmouth South,33.251744862349746,13.668088406359056,45.85352849941838,7.226638231872819
Preseli Pembrokeshire,42.78571789303571,31.157517297106207,14.542194838644512,11.514569971213575
Preston,21.719735425319183,48.201815105368404,24.411628980156898,5.666820489155514
Pudsey,38.453232280015484,35.07324328178799,20.830022614754597,5.643501823441925
Putney,52.03628785092559,27.387519921539784,16.935147725879613,3.6410445016550206
Rayleigh & Wickford,57.80524616472117,14.475670099153659,15.129052595380472,12.590031140744703
Reading East,42.550765229568874,25.465639691907572,27.336200860258074,4.64739421826548
Reading West,43.17904481380181,30.547022932884495,20.08415737428992,6.1897748790237745
Redcar,13.797869551747969,32.74551390510688,45.170745656888215,8.28587088625694
Redditch,43.477668226634556,30.253532645735838,17.606433731655233,8.662365395974374
Reigate,53.39949577814238,11.348993557165153,26.205530433390695,9.045980231301773
Renfrewshire East,30.415583908090895,50.7747015494031,9.222172290498428,9.58754225200758
Rhondda,6.414134912461381,55.300592173017506,10.649459320288363,27.63581359423275
Ribble Valley,50.29548453726548,22.04945780021803,20.525178342609063,7.129879319907434
Richmond (Yorks),62.796749794053774,15.258743353553509,19.10619336478694,2.8383134876057814
Richmond Park,49.70810555443072,5.026321117635149,42.80556117972599,2.460012148208139
Rochdale,18.09092295292657,36.37571612172435,34.43919228004444,11.094168645304638
Rochester & Strood,49.20472785641325,28.45677596881449,16.259823643451252,6.078672531321006
Rochford & Southend East,46.8617136268646,20.318993058057696,19.41822199803031,13.401071317047391
Romford,56.003528323400964,19.52840945762785,11.9876938964308,12.480368322540393
Romsey & Southampton North,49.74560166738185,6.36711007580866,41.2533970861685,2.633891170641002
"Ross, Skye & Lochaber",12.228026867213963,15.112807853493312,52.629312819335205,20.029852459957517
Rossendale & Darwen,41.7819555253777,32.24834493294856,18.122984213206585,7.846715328467154
Rother Valley,28.403695624278196,40.94914239274562,17.34676419008512,13.300397792891056
Rotherham,16.74132138857783,44.63552498266944,15.98144296912494,22.641710659627794
Rugby,44.031768770540154,31.391674391168788,19.87444172916491,4.702115109126148
"Ruislip, Northwood & Pinner",57.4962653122199,19.531919131560603,16.62185041330545,6.349965142914052
Runnymede & Weybridge,55.89823468328141,13.387331256490134,21.611630321910695,9.102803738317757
Rushcliffe,51.16694916832753,20.727550431203085,21.71661668560359,6.388883714865797
Rutherglen & Hamilton West,9.663480981673441,60.80330346310211,11.996338945531173,17.53687660969328
Rutland & Melton,51.119159724737415,14.293734154291924,25.766026801883374,8.821079319087287
Saffron Walden,55.46359138479649,9.726130699479482,27.429233570600893,7.38104434512314
St Albans,40.75518122456705,17.579256174884073,36.392542821993,5.273019778555881
St Austell & Newquay,39.96147169651552,7.1679579999153225,42.73889665100131,10.131673652567848
St Helens North,22.309004398958614,51.71245174611725,20.18134482449053,5.797199030433611
St Helens South & Whiston,17.81428354419392,52.87211649052755,22.226080163190904,7.087519802087629
St Ives,38.97998736961303,8.168376124213323,42.72337274885129,10.128263757322358
Salford & Eccles,20.4584306455108,40.100642862302266,26.316423085257508,13.12450340692943
Salisbury,49.21309378931953,7.611229141313092,36.90724201233473,6.268435057032653
Scarborough & Whitby,42.831053934499415,26.334158516293982,22.509232579846596,8.32555496936001
Scunthorpe,32.64837716692769,39.531241561808066,18.2912998865907,9.529081384673542
Sedgefield,23.482173934662622,45.10218288498831,19.971657301974044,11.443985878375019
Sefton Central,33.93310360481192,41.90206962012257,19.92447846810969,4.240348306955822
Selby & Ainsty,49.416176925456234,25.70561398082277,17.746674914939682,7.131534178781318
Sevenoaks,56.824805699481864,13.238746761658032,21.375080958549223,8.561366580310882
Sheffield Brightside & Hillsborough,11.481728940741123,54.993061623066254,19.961967415326104,13.563242020866525
Sheffield Central,10.14276068293624,41.32825311083245,40.93035593710813,7.59863026912318
Sheffield Hallam,23.54551676933607,16.09074019751638,53.43502493399824,6.92871809914931
Sheffield Heeley,17.325242837219545,42.59499400552959,28.386875779892833,11.692887377358028
Sheffield South East,17.392774343122102,48.707979134466775,23.338485316846985,10.560761205564143
Sherwood,39.24296278138661,38.805817706418274,14.877231686889733,7.073987825305389
Shipley,48.5605033686042,28.441944686102737,20.009306654257795,2.988245291035264
Shrewsbury & Atcham,43.94947685927043,20.57686869638986,28.973513054953344,6.5001413893863695
Shropshire North,51.46040987873296,18.13414563612177,20.945073165088974,9.460371320056296
Sittingbourne & Sheppey,50.04940508048911,24.558442093128576,16.351023096875128,9.041129729507185
Skipton & Ripon,50.59023463197134,10.046780206125284,32.40808420437102,6.9549009575323435
Sleaford & North Hykeham,51.60255333445322,16.883924071896523,18.165630774399464,13.347891819250798
Slough,34.26961585187047,45.838046164802485,14.54275061790457,5.3495873654224795
Solihull,42.554735257305595,8.871918590941247,42.87217254076802,5.701173610985144
Somerset North,49.27253585543915,11.128561812878617,35.70356051845843,3.895341813223797
Somerset North East,41.26711325508271,31.6700193348046,22.32876979864461,4.734097611468078
Somerton & Frome,44.506038408235995,4.413317494885502,47.50379462812644,3.5768494687520622
South Holland & The Deepings,59.05594962939348,13.99537738104726,15.45987088547063,11.488802104088627
South Ribble,45.46620544910412,34.67293715262933,14.129970072680633,5.730887325585915
South Shields,21.594829946875514,52.01544443835917,14.209430965551235,12.180294649214087
Southampton Itchen,36.328019454201566,36.76033504458254,20.841214086282985,6.070431414932901
Southampton Test,33.01423495598253,38.475117115893816,22.32557086926019,6.185077058863467
Southend West,46.06246846764207,13.415585011236985,29.390450855386874,11.131495665734073
Southport,35.841122563247026,9.40649496080627,49.608062709966404,5.1443197659803
Spelthorne,47.0594452900389,16.465837984102823,25.879418231016405,10.595298494841874
Stafford,43.884233364517605,33.01618264694759,16.3438762714226,6.755707717112204
Staffordshire Moorlands,45.174027159648524,29.907565902088322,16.747689147552208,8.170717790710944
Staffordshire South,53.199841395717684,20.309278350515463,16.706978588421887,9.783901665344965
Stalybridge & Hyde,32.88974779226498,39.60224075931407,17.03808801585166,10.46992343256929
Stevenage,41.41228639896083,33.399028017289645,16.644644016931313,8.544041566818212
Stirling,24.025960163104973,41.75401891505305,14.510791827672339,19.70922909416964
Stockport,25.334798609691266,42.67276630545901,24.989777141688815,7.002657943160908
Stockton North,25.94308572585954,42.845207352271004,16.05650919033875,15.15519773153071
Stockton South,38.93286134754594,38.2726115663034,15.114151618805186,7.680375467345478
Stoke-on-Trent Central,21.04404065291038,38.82044964582691,21.678472436094857,18.45703726516785
Stoke-on-Trent North,23.833217235545824,44.32033038113245,17.71320529405911,14.133247089262612
Stoke-on-Trent South,28.39506172839506,38.75840610257954,15.86620495834588,16.980327210679512
Stone,50.58332803997544,20.68644265176057,22.439602786423595,6.290626521840395
Stourbridge,42.6662996993691,31.733497057204556,16.371681415929203,9.228521827497142
Stratford-on-Avon,51.545249495469115,9.51485892920739,29.096592932610505,9.843298642712991
Streatham,18.31458035313961,42.78028054743045,35.822106454298954,3.083032645130986
Stretford & Urmston,28.692941438432417,48.58828768648408,16.924961033177468,5.793809841906034
Stroud,40.84487606299484,38.60417780691011,15.446845945526366,5.104100184568678
Suffolk Central & Ipswich North,50.776862598277795,16.166229876450767,24.970048670909772,8.086858854361664
Suffolk Coastal,46.4084673819977,16.05304865829887,29.77975333831272,7.758730621390705
Suffolk South,47.747782791348996,14.330169597012604,30.848374046989264,7.073673564649137
Suffolk West,50.556260267420825,14.741416956060638,23.419077127825492,11.283245648693049
Sunderland Central,30.07324023267315,45.910557426465395,16.934743188187362,7.081459152674093
Surrey East,56.747803806735,9.013543191800878,25.86566617862372,8.37298682284041
Surrey Heath,57.64071613888531,10.215835280696266,25.82847259278341,6.314975987635012
Surrey South West,58.68946366510068,5.971113711381617,30.190887022127527,5.148535601390174
Sussex Mid,50.718825530391186,6.604601199534509,37.46665473099991,5.209918539074389
Sutton & Cheam,42.36002308897501,6.959676754349799,45.67494021604684,5.00535994062835
Sutton Coldfield,53.97023068255945,20.356203917847754,18.021704323074186,7.651861076518611
Swansea East,14.76006855184233,51.47202840004896,18.303953972334437,15.46394907577427
Swansea West,20.810271682634227,34.65569072570449,33.23968195993594,11.294355631725338
Swindon North,44.553136494681375,30.5159558604235,17.234317526593102,7.6965901183020184
Swindon South,41.781446974681124,34.26006494195548,17.62558628154248,6.332901801820921
Tamworth,45.7814184091399,32.65358913558957,16.2017676223324,5.363224832938133
Tatton,54.57982357232871,17.25144259468064,22.550905352523714,5.617828480466936
Taunton Deane,42.197764402407564,5.102321582115219,49.06448839208942,3.6354256233877904
Telford,36.30113773904623,38.66860324376664,15.490196078431373,9.54006293875575
Tewkesbury,47.204462482163045,11.587998739830619,35.510831897110876,5.696706880895461
Thanet North,52.663636573379776,21.45213760007383,19.38029208868791,6.503933737858477
Thanet South,47.98946291337383,31.406613981233534,15.098077634815926,5.50584547057671
Thirsk & Malton,52.873472812123126,13.55198993235803,23.297152745005505,10.277384510513345
Thornbury & Yate,37.150085016381205,7.019035375108862,51.90561108115954,3.925268527350392
Thurrock,36.814997490233736,36.614216189083606,10.695969097138866,15.874817223543792
Tiverton & Honiton,50.30422268371771,8.939046161693446,33.32604656246584,7.430684592123001
Tonbridge & Malling,57.923763495342406,12.620337529718986,22.498733289160853,6.957165685777761
Tooting,38.52334419109663,43.506070476754516,14.823808113710394,3.146777218438456
Torbay,38.70757976021134,6.565738671001829,46.994513310302786,7.732168258484048
Torfaen,20.034537725823593,44.758235919234856,16.641870350690755,18.565356004250795
Totnes,45.85832828208933,7.395021215224798,35.56006103296198,11.186589469723888
Tottenham,14.904023398136998,59.301496792587315,17.688696635288913,8.105783173986778
Truro & Falmouth,41.72613188976378,9.6313156167979,40.83415354330709,7.808398950131233
Tunbridge Wells,56.24403815580287,10.82670906200318,25.29014308426073,7.639109697933227
Twickenham,34.06339478575375,7.674017514777047,54.391252658193935,3.871335041275263
Tynemouth,34.406090985038354,45.30265056580846,14.895192526771476,5.396065922381712
Tyneside North,18.34716086628596,50.65186941062385,22.887619868548647,8.113349854541536
Uxbridge & Ruislip South,48.26958913834413,23.387168337918183,19.955186795634038,8.388055728103646
Vale of Clwyd,35.2000900545956,42.26093319074689,12.585129734901784,9.953847019755727
Vale of Glamorgan,41.79628906651324,32.94634968253642,15.21153964698872,10.045821603961617
Vauxhall,21.534578963209928,49.77425852608182,25.114028385543286,3.577134125164965
Wakefield,35.64260642606426,39.271892718927184,16.32616326163262,8.759337593375934
Wallasey,31.37993950160849,51.80294809622124,13.667354875882268,3.149757526287991
Walsall North,34.2526321607207,36.988421256252245,13.137314505209051,15.621632077818001
Walsall South,35.360305268822465,39.65314808473167,14.382857981507755,10.603688664938113
Walthamstow,13.987412792115919,51.84173293652729,28.72127628433429,5.449577987022492
Wansbeck,17.542392809552425,45.8495545162386,27.478901575523214,9.129151098685757
Wantage,51.97635824710246,13.94188956532543,27.931701602740453,6.15005058483165
Warley,24.78181343088581,52.887379148157834,15.492552913509275,6.838254507447086
Warrington North,30.227771369116287,45.542964420619306,20.800253330619075,3.429010879645337
Warrington South,35.79290738783394,32.96278747676495,27.506651601851512,3.737653533549586
Warwick & Leamington,42.57627671724588,35.41156795562082,18.308451623429598,3.7037037037037033
Warwickshire North,40.184068549666776,40.069819105046015,11.596318629006666,8.149793716280545
Washington & Sunderland West,21.848716987196656,52.53924037070766,17.094337601114265,8.517705040981411
Watford,34.94239965222432,26.717142443124185,32.361251992464865,5.979205912186639
Waveney,40.22408634950431,38.720400461469275,13.318081382843511,7.737431806182907
Wealden,56.559151521766815,9.579945059942876,25.306991213229274,8.553912205061035
Weaver Vale,38.538304160036375,36.28551943623551,18.631507160718343,6.544669243009775
Wellingborough,48.23367724202009,25.41762644935251,17.127039739842434,9.221656568784963
Wells,42.531863096090504,7.514678504940569,43.963912358585134,5.9895460403837895
Welwyn Hatfield,56.95907865719187,21.38160581556808,16.356285224209753,5.303030303030303
Wentworth & Dearne,17.56519260912934,50.624614069253795,16.118842920248895,15.691350401367977
West Bromwich East,28.88274044795784,46.5270092226614,13.156785243741764,11.433465085638998
West Bromwich West,29.338420281440936,44.9614331923364,11.987503801387852,13.712642724834812
West Ham,14.670614044429298,62.66533194181167,11.484313433153712,11.179740580605312
Westminster North,38.51457144300217,43.88352947118541,13.9224203242588,3.679478761553614
Westmorland & Lonsdale,36.18777555499447,2.2491114261852507,60.0073805038165,1.5557325150037873
Weston-Super-Mare,44.30533424387283,10.94923742317323,39.20062220198801,5.544806130965931
Wigan,24.73266878115088,48.491164476665155,15.398731309469868,11.377435432714092
Wiltshire North,51.56984743013203,6.651060596726833,36.20402883016078,5.5750631429803486
Wiltshire South West,51.65653433432617,11.450895589375332,30.507160634868825,6.38540944142968
Wimbledon,49.07057706509125,22.259732039244646,25.000527481801875,3.669163413862222
Winchester,48.530068805289964,5.4525958359395945,43.082834420516484,2.934500938253954
Windsor,60.845365814309915,9.901589094135678,22.420746954908445,6.832298136645963
Wirral South,39.45521976645116,40.78584673983862,16.566431113115822,3.1925023805943966
Wirral West,42.48196688001625,36.294828812353956,16.83937823834197,4.383826069287819
Witham,52.20027757019323,18.481904558556636,19.7544571367567,9.563360734493434
Witney,58.80835742353165,13.001782963180943,19.444684865585348,8.745174747702054
Woking,50.29932178986852,8.043799492289622,37.40385708331755,4.2530216345243055
Wokingham,52.732541079812215,10.115903755868546,27.989289906103288,9.162265258215962
Wolverhampton North East,34.28669685332722,41.40539920903307,13.50088840488336,10.807015532756347
Wolverhampton South East,28.559080300803874,47.555248220820005,15.204425620191891,8.681245858184228
Wolverhampton South West,40.69721115537849,38.976593625498005,16.010956175298805,4.315239043824701
Worcester,39.52709601012782,33.43815085555601,19.449095438395883,7.5856576959202835
Worcestershire Mid,54.524749170446285,14.94767430445112,23.3767253735446,7.1508511515579904
Worcestershire West,50.307803227774386,6.767973674967186,37.82189932153883,5.102323775719594
Workington,33.85211034412492,45.505489187192744,13.545938510914695,7.096461957767645
Worsley & Eccles South,32.50521570226134,42.90544591256805,16.50559938610585,8.08373899906477
Worthing East & Shoreham,48.46994648428621,16.709713411988346,25.52430935801806,9.296030745707379
Worthing West,51.73951102334955,11.807096472121001,27.86271196791727,8.590680536612178
"Wrekin, The",47.68969718064741,27.131917855899758,17.444744169857294,7.733640793595545
Wrexham,25.397258612324116,36.878335759340125,25.785419699175154,11.938985929160602
Wycombe,48.64488795663641,17.291437353325996,28.790679321301738,5.272995368735852
Wyre & Preston North,52.38364387619865,21.306618850861465,21.50346924456225,4.806268028377641
Wyre Forest,36.92213992416354,14.33819917876579,11.866637851431266,36.8730230456394
Wythenshawe & Sale East,25.550293244337563,44.138794140021105,22.34791784250693,7.962994773134402
Yeovil,32.902379286214135,5.232680195941217,55.70853743876837,6.156403079076277
Ynys Mon,22.482870746719314,33.35849494832191,7.525258390430844,36.633375914527925
York Central,26.078351225179098,39.95654325237184,25.157584493255598,8.807521029193468
York Outer,42.986866791744845,17.088180112570356,36.06754221388368,3.8574108818011257
Yorkshire East,47.46556366332384,20.293050298513286,21.153470948608888,11.087915089553986
