Press Association Reference,Constituency Name,Region,Election Year,Electorate,Votes,Con,Lab,LD,Other
1,Aberavon,Wales,2010,50838,30958,4411.0,16073.0,5034.0,5440.0
2,Aberconwy,Wales,2010,44593,29966,10734.0,7336.0,5786.0,6110.0
3,Aberdeen North,Scotland,2010,64808,37701,4666.0,16746.0,7001.0,9288.0
4,Aberdeen South,Scotland,2010,64031,43034,8914.0,15722.0,12216.0,6182.0
5,Aberdeenshire West & Kincardine,Scotland,2010,66110,45195,13678.0,6159.0,17362.0,7996.0
6,Airdrie & Shotts,Scotland,2010,62364,35849,3133.0,20849.0,2898.0,8969.0
7,Aldershot,South East,2010,71465,45384,21203.0,5489.0,15617.0,3075.0
8,Aldridge-Brownhills,West Midlands,2010,58909,38634,22913.0,7647.0,6833.0,1241.0
9,Altrincham & Sale West,North West,2010,72208,49393,24176.0,11073.0,12581.0,1563.0
10,Alyn & Deeside,Wales,2010,60931,39923,12885.0,15804.0,7308.0,3926.0
11,Amber Valley,East Midlands,2010,70171,45958,17746.0,17210.0,6636.0,4366.0
12,Angus,Scotland,2010,62860,37960,11738.0,6535.0,4090.0,15597.0
16,Arfon,Wales,2010,41198,26078,4416.0,7928.0,3666.0,10068.0
17,Argyll & Bute,Scotland,2010,67165,45207,10861.0,10274.0,14292.0,9780.0
18,Arundel & South Downs,South East,2010,76835,55982,32333.0,4835.0,15642.0,3172.0
19,Ashfield,East Midlands,2010,77379,48196,10698.0,16239.0,16047.0,5212.0
20,Ashford,South East,2010,81271,55185,29878.0,9204.0,12581.0,3522.0
21,Ashton Under Lyne,North West,2010,67714,38432,9510.0,18604.0,5703.0,4615.0
22,Aylesbury,South East,2010,77844,53162,27736.0,6695.0,15118.0,3613.0
23,"Ayr, Carrick & Cumnock",Scotland,2010,73320,45893,11721.0,21632.0,4264.0,8276.0
24,Ayrshire Central,Scotland,2010,68352,43915,8943.0,20950.0,5236.0,8786.0
25,Ayrshire North & Arran,Scotland,2010,74223,46116,7212.0,21860.0,4630.0,12414.0
26,Banbury,South East,2010,84379,56241,29703.0,10773.0,11476.0,4289.0
27,Banff & Buchan,Scotland,2010,64300,38466,11841.0,5382.0,4365.0,16878.0
28,Barking,London,2010,73868,45343,8073.0,24628.0,3719.0,8923.0
29,Barnsley Central,Yorkshire and the Humber,2010,65543,37001,6388.0,17487.0,6394.0,6732.0
30,Barnsley East,Yorkshire and the Humber,2010,68435,38386,6329.0,18059.0,6969.0,7029.0
31,Barrow & Furness,North West,2010,68943,44124,16018.0,21226.0,4424.0,2456.0
32,Basildon & Billericay,Eastern,2010,65515,41569,21922.0,9584.0,6538.0,3525.0
33,Basildon South & Thurrock East,Eastern,2010,71874,44735,19624.0,13852.0,5977.0,5282.0
34,Basingstoke,South East,2010,75473,50654,25590.0,10327.0,12414.0,2323.0
35,Bassetlaw,East Midlands,2010,76513,49577,16803.0,25018.0,5570.0,2186.0
36,Bath,South West,2010,66686,47086,14768.0,3251.0,26651.0,2416.0
37,Batley & Spen,Yorkshire and the Humber,2010,76738,51109,17159.0,21565.0,8095.0,4290.0
38,Battersea,London,2010,74311,48792,23103.0,17126.0,7176.0,1387.0
39,Beaconsfield,South East,2010,74982,52490,32053.0,6135.0,10271.0,4031.0
40,Beckenham,London,2010,66219,47686,27597.0,6893.0,9813.0,3383.0
41,Bedford,Eastern,2010,68530,45102,17546.0,16193.0,8957.0,2406.0
42,Bedfordshire Mid,Eastern,2010,76310,54897,28815.0,8108.0,13663.0,4311.0
43,Bedfordshire North East,Eastern,2010,78060,55552,30989.0,8957.0,12047.0,3559.0
44,Bedfordshire South West,Eastern,2010,76559,50774,26815.0,9948.0,10166.0,3845.0
49,Bermondsey & Old Southwark,London,2010,77628,44651,7638.0,13060.0,21590.0,2363.0
50,Berwick-upon-Tweed,North East,2010,56578,38439,14116.0,5061.0,16806.0,2456.0
51,"Berwickshire, Roxburgh & Selkirk",Scotland,2010,73826,49014,16555.0,5003.0,22230.0,5226.0
52,Bethnal Green & Bow,London,2010,81243,50728,7071.0,21784.0,10210.0,11663.0
53,Beverley & Holderness,Yorkshire and the Humber,2010,79318,53199,25063.0,11224.0,12076.0,4836.0
54,Bexhill & Battle,South East,2010,81032,54587,28147.0,6524.0,15267.0,4649.0
55,Bexleyheath & Crayford,London,2010,65015,43182,21794.0,11450.0,5502.0,4436.0
56,Birkenhead,North West,2010,62773,35323,6687.0,22082.0,6554.0,0.0
57,Birmingham Edgbaston,West Midlands,2010,68573,41571,15620.0,16894.0,6387.0,2670.0
58,Birmingham Erdington,West Midlands,2010,66405,35546,11592.0,14869.0,5742.0,3343.0
59,Birmingham Hall Green,West Midlands,2010,76580,48727,7320.0,16039.0,11988.0,13380.0
60,Birmingham Hodge Hill,West Midlands,2010,75040,42472,4936.0,22077.0,11775.0,3684.0
61,Birmingham Ladywood,West Midlands,2010,73646,35833,4277.0,19950.0,9845.0,1761.0
62,Birmingham Northfield,West Midlands,2010,71338,41814,14059.0,16841.0,6550.0,4364.0
63,Birmingham Perry Barr,West Midlands,2010,71304,42045,8960.0,21142.0,9234.0,2709.0
64,Birmingham Selly Oak,West Midlands,2010,74805,46563,14468.0,17950.0,10371.0,3774.0
65,Birmingham Yardley,West Midlands,2010,72321,40850,7836.0,13160.0,16162.0,3692.0
66,Bishop Auckland,North East,2010,68368,41136,10805.0,16023.0,9189.0,5119.0
67,Blackburn,North West,2010,72331,45499,11895.0,21751.0,6918.0,4935.0
68,Blackley & Broughton,North West,2010,69489,34204,6260.0,18563.0,4861.0,4520.0
69,Blackpool North & Cleveleys,North West,2010,66017,40591,16964.0,14814.0,5400.0,3413.0
70,Blackpool South,North West,2010,63027,35192,12597.0,14449.0,5082.0,3064.0
71,Blaenau Gwent,Wales,2010,52442,32395,2265.0,16974.0,3285.0,9871.0
72,Blaydon,North East,2010,67808,44913,7159.0,22297.0,13180.0,2277.0
73,Blyth Valley,North East,2010,62900,38566,6412.0,17156.0,10488.0,4510.0
74,Bognor Regis & Littlehampton,South East,2010,70816,46852,24087.0,6580.0,11024.0,5161.0
75,Bolsover,East Midlands,2010,72766,43988,10812.0,21994.0,6821.0,4361.0
76,Bolton North East,North West,2010,66846,43277,15786.0,19870.0,5624.0,1997.0
77,Bolton South East,North West,2010,69499,39604,10148.0,18782.0,6289.0,4385.0
78,Bolton West,North West,2010,71284,47576,18235.0,18327.0,8177.0,2837.0
79,Bootle,North West,2010,71422,41277,3678.0,27426.0,6245.0,3928.0
80,Boston & Skegness,East Midlands,2010,67186,43125,21325.0,8899.0,6371.0,6530.0
81,Bosworth,East Midlands,2010,77296,54274,23132.0,8674.0,18100.0,4368.0
82,Bournemouth East,South West,2010,71125,44024,21320.0,5836.0,13592.0,3276.0
83,Bournemouth West,South West,2010,71753,41659,18808.0,6171.0,13225.0,3455.0
84,Bracknell,South East,2010,76888,52136,27327.0,8755.0,11623.0,4431.0
85,Bradford East,Yorkshire and the Humber,2010,65116,40457,10860.0,13272.0,13637.0,2688.0
86,Bradford South,Yorkshire and the Humber,2010,63580,37995,11060.0,15682.0,6948.0,4305.0
87,Bradford West,Yorkshire and the Humber,2010,62519,40576,12638.0,18401.0,4732.0,4805.0
88,Braintree,Eastern,2010,71163,49203,25901.0,9780.0,9247.0,4275.0
89,Brecon & Radnorshire,Wales,2010,53589,38845,14182.0,4096.0,17929.0,2638.0
90,Brent Central,London,2010,74046,45323,5067.0,18681.0,20026.0,1549.0
91,Brent North,London,2010,83896,52298,16486.0,24514.0,8879.0,2419.0
92,Brentford & Isleworth,London,2010,83546,53765,20022.0,18064.0,12718.0,2961.0
93,Brentwood & Ongar,Eastern,2010,69309,50592,28793.0,4992.0,11872.0,4935.0
94,Bridgend,Wales,2010,58700,38347,11668.0,13931.0,8658.0,4090.0
95,Bridgwater & Somerset West,South West,2010,82180,54493,24675.0,9332.0,15426.0,5060.0
96,Brigg & Goole,Yorkshire and the Humber,2010,67345,43874,19680.0,14533.0,6414.0,3247.0
97,Brighton Kemptown,South East,2010,66015,42705,16217.0,14889.0,7691.0,3908.0
98,Brighton Pavilion,South East,2010,74009,51834,12275.0,14986.0,7159.0,17414.0
99,Bristol East,South West,2010,69448,45017,12749.0,16471.0,10993.0,4804.0
100,Bristol North West,South West,2010,73469,50336,19115.0,13059.0,15841.0,2321.0
101,Bristol South,South West,2010,78579,48377,11086.0,18600.0,13866.0,4825.0
102,Bristol West,South West,2010,82728,55347,10169.0,15227.0,26593.0,3358.0
103,Broadland,Eastern,2010,72445,52676,24338.0,7287.0,17046.0,4005.0
104,Bromley & Chislehurst,London,2010,65427,44037,23569.0,7295.0,9669.0,3504.0
105,Bromsgrove,West Midlands,2010,73036,51630,22558.0,11250.0,10124.0,7698.0
106,Broxbourne,Eastern,2010,71391,45658,26844.0,8040.0,6107.0,4667.0
107,Broxtowe,East Midlands,2010,72042,52727,20585.0,20196.0,8907.0,3039.0
108,Buckingham,South East,2010,74989,48335,,,,48335.0
109,Burnley,North West,2010,66615,41845,6950.0,13114.0,14932.0,6849.0
110,Burton,West Midlands,2010,74874,49823,22188.0,15884.0,7891.0,3860.0
111,Bury North,North West,2010,66759,44961,18070.0,15827.0,7645.0,3419.0
112,Bury South,North West,2010,73544,48267,16216.0,19508.0,8796.0,3747.0
113,Bury St Edmunds,Eastern,2010,84716,58718,27899.0,9776.0,15519.0,5524.0
114,Caerphilly,Wales,2010,62122,38692,6622.0,17377.0,5688.0,9005.0
115,"Caithness, Sutherland & Easter Ross",Scotland,2010,47263,28768,3744.0,7081.0,11907.0,6036.0
116,Calder Valley,Yorkshire and the Humber,2010,76903,51780,20397.0,13966.0,13037.0,4380.0
117,Camberwell & Peckham,London,2010,78627,46659,6080.0,27619.0,10432.0,2528.0
118,Camborne & Redruth,South West,2010,63975,42493,15969.0,6945.0,15903.0,3676.0
119,Cambridge,Eastern,2010,74699,50130,12829.0,12174.0,19621.0,5506.0
120,Cambridgeshire North East,Eastern,2010,73224,52064,26862.0,9274.0,10437.0,5491.0
121,Cambridgeshire North West,Eastern,2010,88851,58283,29425.0,9877.0,12748.0,6233.0
122,Cambridgeshire South,Eastern,2010,78995,59056,27995.0,6024.0,20157.0,4880.0
123,Cambridgeshire South East,Eastern,2010,83068,57602,27629.0,4380.0,21683.0,3910.0
124,Cannock Chase,West Midlands,2010,74508,45559,18271.0,15076.0,7732.0,4480.0
125,Canterbury,South East,2010,74121,49209,22050.0,7940.0,16002.0,3217.0
126,Cardiff Central,Wales,2010,61165,36151,7799.0,10400.0,14976.0,2976.0
127,Cardiff North,Wales,2010,65553,47630,17860.0,17666.0,8724.0,3380.0
128,Cardiff South & Penarth,Wales,2010,73707,44369,12553.0,17262.0,9875.0,4679.0
129,Cardiff West,Wales,2010,62787,40958,12143.0,16894.0,7186.0,4735.0
130,Carlisle,North West,2010,65263,42200,16589.0,15736.0,6567.0,3308.0
131,Carmarthen East & Dinefwr,Wales,2010,52385,38011,8506.0,10065.0,4609.0,14831.0
132,Carmarthen West & Pembrokeshire South,Wales,2010,58108,40507,16649.0,13226.0,4890.0,5742.0
133,Carshalton & Wallington,London,2010,66524,45918,16920.0,4015.0,22180.0,2803.0
134,Castle Point,Eastern,2010,67284,45026,19806.0,6609.0,4232.0,14379.0
135,Ceredigion,Wales,2010,59882,38258,4421.0,2210.0,19139.0,12488.0
136,Charnwood,East Midlands,2010,74473,53542,26560.0,10536.0,11531.0,4915.0
137,Chatham & Aylesford,South East,2010,67964,43807,20230.0,14161.0,5832.0,3584.0
138,Cheadle,North West,2010,71635,52512,21445.0,4920.0,24717.0,1430.0
139,Chelmsford,Eastern,2010,77525,54593,25207.0,5980.0,20097.0,3309.0
140,Chelsea & Fulham,London,2010,66257,39856,24093.0,7371.0,6473.0,1919.0
141,Cheltenham,South West,2010,78998,52786,21739.0,2703.0,26659.0,1685.0
142,Chesham & Amersham,South East,2010,70333,52444,31658.0,2942.0,14948.0,2896.0
143,"Chester, City of",North West,2010,70131,46790,18995.0,16412.0,8930.0,2453.0
144,Chesterfield,East Midlands,2010,71878,45839,7214.0,17891.0,17342.0,3392.0
145,Chichester,South East,2010,81576,56787,31427.0,5937.0,15550.0,3873.0
146,Chingford & Woodford Green,London,2010,64831,43106,22743.0,9780.0,7242.0,3341.0
147,Chippenham,South West,2010,72106,52385,21500.0,3620.0,23970.0,3295.0
148,Chipping Barnet,London,2010,75120,50608,24700.0,12773.0,10202.0,2933.0
149,Chorley,North West,2010,70976,49774,18922.0,21515.0,6957.0,2380.0
150,Christchurch,South West,2010,68859,49416,27888.0,4849.0,12478.0,4201.0
151,Cities of London & Westminster,London,2010,66849,36931,19264.0,8188.0,7574.0,1905.0
152,Clacton,Eastern,2010,67194,43123,22867.0,10799.0,5577.0,3880.0
153,Cleethorpes,Yorkshire and the Humber,2010,70214,44966,18939.0,14641.0,8192.0,3194.0
154,Clwyd South,Wales,2010,53748,34681,10477.0,13311.0,5965.0,4928.0
155,Clwyd West,Wales,2010,57913,38111,15833.0,9414.0,5801.0,7063.0
156,"Coatbridge, Chryston & Bellshill",Scotland,2010,70067,41635,3374.0,27728.0,3519.0,7014.0
157,Colchester,Eastern,2010,74064,46139,15169.0,5680.0,22151.0,3139.0
158,Colne Valley,Yorkshire and the Humber,2010,80060,55296,20440.0,14589.0,15603.0,4664.0
159,Congleton,North West,2010,72280,50780,23250.0,8747.0,16187.0,2596.0
160,Copeland,North West,2010,63149,42787,15866.0,19699.0,4365.0,2857.0
161,Corby,East Midlands,2010,78024,54236,22886.0,20991.0,7834.0,2525.0
162,Cornwall North,South West,2010,67940,46844,19531.0,1971.0,22512.0,2830.0
163,Cornwall South East,South West,2010,71373,49617,22390.0,3507.0,19170.0,4550.0
164,"Cotswolds, The",South West,2010,76729,54832,29075.0,5886.0,16211.0,3660.0
165,Coventry North East,West Midlands,2010,73035,43383,9609.0,21384.0,7210.0,5180.0
166,Coventry North West,West Midlands,2010,72871,46560,13648.0,19936.0,8344.0,4632.0
167,Coventry South,West Midlands,2010,73652,45924,15352.0,19197.0,8278.0,3097.0
168,Crawley,South East,2010,72781,47504,21264.0,15336.0,6844.0,4060.0
169,Crewe & Nantwich,North West,2010,79728,51084,23420.0,17374.0,7656.0,2634.0
170,Croydon Central,London,2010,76349,49667,19567.0,16688.0,6553.0,6859.0
171,Croydon North,London,2010,85216,51676,12466.0,28947.0,7226.0,3037.0
172,Croydon South,London,2010,81303,56322,28684.0,11287.0,12866.0,3485.0
173,"Cumbernauld, Kilsyth & Kirkintilloch East",Scotland,2010,64037,41150,3407.0,23549.0,3924.0,10270.0
174,Cynon Valley,Wales,2010,50650,29876,3010.0,15681.0,4120.0,7065.0
175,Dagenham & Rainham,London,2010,69764,44232,15183.0,17813.0,3806.0,7430.0
176,Darlington,North East,2010,68168,42896,13503.0,16891.0,10046.0,2456.0
177,Dartford,South East,2010,76271,50080,24428.0,13800.0,7361.0,4491.0
178,Daventry,East Midlands,2010,71452,51774,29252.0,8168.0,10064.0,4290.0
179,Delyn,Wales,2010,53470,36984,12811.0,15083.0,5747.0,3343.0
180,Denton & Reddish,North West,2010,66330,37635,9360.0,19191.0,6727.0,2357.0
181,Derby North,East Midlands,2010,71474,45080,14283.0,14896.0,12638.0,3263.0
182,Derby South,East Midlands,2010,70999,41188,11729.0,17851.0,8430.0,3178.0
183,Derbyshire Dales,East Midlands,2010,63376,46780,24378.0,9061.0,10512.0,2829.0
184,Derbyshire Mid,East Midlands,2010,66074,47342,22877.0,11585.0,9711.0,3169.0
185,Derbyshire North East,East Midlands,2010,71398,47034,15503.0,17948.0,10947.0,2636.0
186,Derbyshire South,East Midlands,2010,70608,50419,22935.0,15807.0,8012.0,3665.0
187,Devizes,South West,2010,67379,46340,25519.0,4711.0,12514.0,3596.0
188,Devon Central,South West,2010,71203,53873,27737.0,3715.0,18507.0,3914.0
189,Devon East,South West,2010,73109,53092,25662.0,5721.0,16548.0,5161.0
190,Devon North,South West,2010,74508,51321,18484.0,2671.0,24305.0,5861.0
191,Devon South West,South West,2010,70813,49860,27908.0,6193.0,12034.0,3725.0
192,Devon West & Torridge,South West,2010,77360,55257,25230.0,2917.0,22273.0,4837.0
193,Dewsbury,Yorkshire and the Humber,2010,78910,54008,18898.0,17372.0,9150.0,8588.0
194,Don Valley,Yorkshire and the Humber,2010,72597,43420,12877.0,16472.0,7422.0,6649.0
195,Doncaster Central,Yorkshire and the Humber,2010,72985,41745,10340.0,16569.0,8795.0,6041.0
196,Doncaster North,Yorkshire and the Humber,2010,71681,41483,8728.0,19637.0,6174.0,6944.0
197,Dorset Mid & Poole North,South West,2010,64660,46788,20831.0,2748.0,21100.0,2109.0
198,Dorset North,South West,2010,73741,54141,27640.0,2910.0,20015.0,3576.0
199,Dorset South,South West,2010,73360,50310,22667.0,15224.0,9557.0,2862.0
200,Dorset West,South West,2010,76869,57337,27287.0,3815.0,23364.0,2871.0
201,Dover,South East,2010,71833,50385,22174.0,16900.0,7962.0,3349.0
204,Dudley North,West Midlands,2010,60838,38602,14274.0,14923.0,4066.0,5339.0
205,Dudley South,West Midlands,2010,60572,38165,16450.0,12594.0,5989.0,3132.0
206,Dulwich & West Norwood,London,2010,72817,48214,10684.0,22461.0,13096.0,1973.0
207,Dumfries & Galloway,Scotland,2010,74584,52173,16501.0,23950.0,4608.0,7114.0
208,"Dumfriesshire, Clydesdale & Tweeddale",Scotland,2010,66627,45892,17457.0,13263.0,9080.0,6092.0
209,Dunbartonshire East,Scotland,2010,63795,47948,7431.0,16367.0,18551.0,5599.0
210,Dunbartonshire West,Scotland,2010,66086,42266,3242.0,25905.0,3434.0,9685.0
211,Dundee East,Scotland,2010,65471,40568,6177.0,13529.0,4285.0,16577.0
212,Dundee West,Scotland,2010,63013,37126,3461.0,17994.0,4233.0,11438.0
213,Dunfermline & Fife West,Scotland,2010,73590,48947,3305.0,22639.0,17169.0,5834.0
214,"Durham, City of",North East,2010,68832,46252,6146.0,20496.0,17429.0,2181.0
215,Durham North,North East,2010,67544,40967,8622.0,20698.0,8617.0,3030.0
216,Durham North West,North East,2010,70350,43815,8766.0,18539.0,10927.0,5583.0
217,Dwyfor Meirionnydd,Wales,2010,45354,28906,6447.0,4021.0,3538.0,14900.0
218,Ealing Central & Acton,London,2010,70251,47200,17944.0,14228.0,13041.0,1987.0
219,Ealing North,London,2010,73104,47678,14722.0,24023.0,6283.0,2650.0
220,Ealing Southall,London,2010,66970,42756,12733.0,22024.0,6383.0,1616.0
221,Easington,North East,2010,63879,34914,4790.0,20579.0,5597.0,3948.0
222,East Ham,London,2010,90674,50373,7645.0,35471.0,5849.0,1408.0
223,"East Kilbride, Strathaven & Lesmahagow",Scotland,2010,76534,50946,6613.0,26241.0,5052.0,13040.0
224,East Lothian,Scotland,2010,73348,49161,9661.0,21919.0,8288.0,9293.0
225,Eastbourne,South East,2010,77840,52124,21223.0,2497.0,24658.0,3746.0
226,Eastleigh,South East,2010,77436,53650,21102.0,5153.0,24966.0,2429.0
227,Eddisbury,North West,2010,72100,45414,23472.0,9794.0,10217.0,1931.0
228,Edinburgh East,Scotland,2010,60945,39865,4358.0,17314.0,7751.0,10442.0
229,Edinburgh North & Leith,Scotland,2010,69207,47356,7079.0,17740.0,16016.0,6521.0
230,Edinburgh South,Scotland,2010,59362,43801,9452.0,15215.0,14899.0,4235.0
231,Edinburgh South West,Scotland,2010,66361,45462,11026.0,19473.0,8194.0,6769.0
232,Edinburgh West,Scotland,2010,65159,46447,10767.0,12881.0,16684.0,6115.0
233,Edmonton,London,2010,63904,40377,12052.0,21665.0,4252.0,2408.0
234,Ellesmere Port & Neston,North West,2010,66509,44233,15419.0,19750.0,6663.0,2401.0
235,Elmet & Rothwell,Yorkshire and the Humber,2010,77724,55789,23778.0,19257.0,9109.0,3645.0
236,Eltham,London,2010,62590,41964,15753.0,17416.0,5299.0,3496.0
237,Enfield North,London,2010,66261,44453,18804.0,17112.0,5403.0,3134.0
238,Enfield Southgate,London,2010,64139,44352,21928.0,14302.0,6124.0,1998.0
239,Epping Forest,Eastern,2010,72186,46584,25148.0,6641.0,10017.0,4778.0
240,Epsom & Ewell,South East,2010,79908,54955,30868.0,6538.0,14734.0,2815.0
241,Erewash,East Midlands,2010,69655,47642,18805.0,16304.0,8343.0,4190.0
242,Erith & Thamesmead,London,2010,69900,42476,13365.0,19068.0,5116.0,4927.0
243,Esher & Walton,South East,2010,75338,54543,32134.0,5829.0,13541.0,3039.0
244,Exeter,South West,2010,77158,52247,17221.0,19942.0,10581.0,4503.0
245,Falkirk,Scotland,2010,81869,50777,5698.0,23207.0,5225.0,16647.0
246,Fareham,South East,2010,75915,54345,30037.0,7719.0,12945.0,3644.0
247,Faversham & Kent Mid,South East,2010,68858,46712,26250.0,7748.0,9162.0,3552.0
248,Feltham & Heston,London,2010,81058,48536,16516.0,21174.0,6679.0,4167.0
250,Fife North East,Scotland,2010,62771,40064,8715.0,6869.0,17763.0,6717.0
251,Filton & Bradley Stoke,South West,2010,69003,48301,19686.0,12772.0,12197.0,3646.0
252,Finchley & Golders Green,London,2010,70722,47157,21688.0,15879.0,8036.0,1554.0
253,Folkestone & Hythe,South East,2010,78005,52800,26109.0,5719.0,15987.0,4985.0
254,Forest of Dean,South West,2010,68419,48763,22853.0,11789.0,10676.0,3445.0
256,Fylde,North West,2010,65926,43690,22826.0,8624.0,9641.0,2599.0
257,Gainsborough,East Midlands,2010,72939,49251,24266.0,7701.0,13707.0,3577.0
258,Garston & Halewood,North West,2010,71312,42825,6908.0,25493.0,8616.0,1808.0
259,Gateshead,North East,2010,66492,38257,5716.0,20712.0,8163.0,3666.0
260,Gedling,East Midlands,2010,70866,48190,17962.0,19821.0,7350.0,3057.0
261,Gillingham & Rainham,South East,2010,70814,46786,21624.0,12944.0,8484.0,3734.0
262,Glasgow Central,Scotland,2010,60105,30580,2158.0,15908.0,5010.0,7504.0
263,Glasgow East,Scotland,2010,61865,32164,1453.0,19797.0,1617.0,9297.0
264,Glasgow North,Scotland,2010,51490,29613,2089.0,13181.0,9283.0,5060.0
265,Glasgow North East,Scotland,2010,59861,29409,1569.0,20100.0,2262.0,5478.0
266,Glasgow North West,Scotland,2010,60997,35582,3537.0,19233.0,5622.0,7190.0
267,Glasgow South,Scotland,2010,65069,40094,4592.0,20736.0,4739.0,10027.0
268,Glasgow South West,Scotland,2010,58191,31781,2084.0,19863.0,2870.0,6964.0
269,Glenrothes,Scotland,2010,67765,40501,2922.0,25247.0,3108.0,9224.0
270,Gloucester,South West,2010,79321,50764,20267.0,17847.0,9767.0,2883.0
271,Gordon,Scotland,2010,73420,48775,9111.0,9811.0,17575.0,12278.0
272,Gosport,South East,2010,72816,46939,24300.0,7944.0,9887.0,4808.0
273,Gower,Wales,2010,61696,41671,13333.0,16016.0,7947.0,4375.0
274,Grantham & Stamford,East Midlands,2010,78008,52799,26552.0,9503.0,11726.0,5018.0
275,Gravesham,South East,2010,70195,47303,22956.0,13644.0,6293.0,4410.0
276,Great Grimsby,Yorkshire and the Humber,2010,61229,32954,10063.0,10777.0,7388.0,4726.0
277,Great Yarmouth,Eastern,2010,70315,43057,18571.0,14295.0,6188.0,4003.0
278,Greenwich & Woolwich,London,2010,65489,41188,10109.0,20262.0,7498.0,3319.0
279,Guildford,South East,2010,77082,55567,29618.0,2812.0,21836.0,1301.0
280,Hackney North & Stoke Newington,London,2010,73906,46461,6759.0,25553.0,11092.0,3057.0
281,Hackney South & Shoreditch,London,2010,72841,42858,5800.0,23888.0,9600.0,3570.0
282,Halesowen & Rowley Regis,West Midlands,2010,63693,43979,18115.0,16092.0,6515.0,3257.0
283,Halifax,Yorkshire and the Humber,2010,70380,43555,14806.0,16278.0,8335.0,4136.0
284,Haltemprice & Howden,Yorkshire and the Humber,2010,70254,48737,24486.0,7630.0,12884.0,3737.0
285,Halton,North West,2010,68846,41338,8339.0,23843.0,5718.0,3438.0
286,Hammersmith,London,2010,72348,47452,17261.0,20810.0,7567.0,1814.0
287,Hampshire East,South East,2010,72262,51317,29137.0,4043.0,15640.0,2497.0
288,Hampshire North East,South East,2010,72196,52939,32075.0,5173.0,13478.0,2213.0
289,Hampshire North West,South East,2010,76695,53292,31072.0,6980.0,12489.0,2751.0
290,Hampstead & Kilburn,London,2010,80373,52822,17290.0,17332.0,16491.0,1709.0
291,Harborough,East Midlands,2010,77917,54945,26894.0,6981.0,17097.0,3973.0
292,Harlow,Eastern,2010,67583,43878,19691.0,14766.0,5990.0,3431.0
293,Harrogate & Knaresborough,Yorkshire and the Humber,2010,74760,53134,24305.0,3413.0,23266.0,2150.0
294,Harrow East,London,2010,70510,48006,21435.0,18032.0,6850.0,1689.0
295,Harrow West,London,2010,68554,46116,16968.0,20111.0,7458.0,1579.0
296,Hartlepool,North East,2010,68927,38242,10758.0,16267.0,6533.0,4684.0
297,Harwich & Essex North,Eastern,2010,70743,49000,23001.0,9774.0,11554.0,4671.0
298,Hastings & Rye,South East,2010,77030,49814,20468.0,18475.0,7825.0,3046.0
299,Havant,South East,2010,69662,43903,22433.0,7777.0,10273.0,3420.0
300,Hayes & Harlington,London,2010,70231,42637,12553.0,23377.0,3726.0,2981.0
301,Hazel Grove,North West,2010,62300,41981,14114.0,5234.0,20485.0,2148.0
302,Hemel Hempstead,Eastern,2010,72752,49471,24721.0,10295.0,11315.0,3140.0
303,Hemsworth,Yorkshire and the Humber,2010,75542,43840,10662.0,20506.0,5667.0,7005.0
304,Hendon,London,2010,72943,46374,19635.0,19529.0,5734.0,1476.0
305,Henley,South East,2010,73123,53520,30054.0,5835.0,13466.0,4165.0
306,Hereford & Herefordshire South,West Midlands,2010,72021,48381,22366.0,3506.0,19885.0,2624.0
307,Herefordshire North,West Midlands,2010,66946,47568,24631.0,3373.0,14744.0,4820.0
308,Hertford & Stortford,Eastern,2010,78459,55377,29810.0,7620.0,14373.0,3574.0
309,Hertfordshire North East,Eastern,2010,72200,50425,26995.0,8291.0,11801.0,3338.0
310,Hertfordshire South West,Eastern,2010,78248,56750,30773.0,6526.0,15853.0,3598.0
311,Hertsmere,Eastern,2010,73057,47270,26476.0,8871.0,8210.0,3713.0
312,Hexham,North East,2010,60360,43483,18795.0,8253.0,13007.0,3428.0
313,Heywood & Middleton,North West,2010,80171,46125,12528.0,18499.0,10474.0,4624.0
314,High Peak,East Midlands,2010,71458,50337,20587.0,15910.0,10993.0,2847.0
315,Hitchin & Harpenden,Eastern,2010,73851,54707,29869.0,7413.0,14598.0,2827.0
316,Holborn & St Pancras,London,2010,86563,54649,11134.0,25198.0,15256.0,3061.0
317,Hornchurch & Upminster,London,2010,78547,53390,27469.0,11098.0,7426.0,7397.0
318,Hornsey & Wood Green,London,2010,78748,55042,9174.0,18720.0,25595.0,1553.0
319,Horsham,South East,2010,77564,55841,29447.0,4189.0,17987.0,4218.0
320,Houghton & Sunderland South,North East,2010,68729,38021,8147.0,19137.0,5292.0,5445.0
321,Hove,South East,2010,71720,49819,18294.0,16426.0,11240.0,3859.0
322,Huddersfield,Yorkshire and the Humber,2010,66318,40524,11253.0,15725.0,10023.0,3523.0
323,Hull East,Yorkshire and the Humber,2010,67530,34184,5667.0,16387.0,7790.0,4340.0
324,Hull North,Yorkshire and the Humber,2010,64082,33291,4365.0,13044.0,12403.0,3479.0
325,Hull West & Hessle,Yorkshire and the Humber,2010,57264,31505,6361.0,13378.0,7636.0,4130.0
326,Huntingdon,Eastern,2010,83557,54266,26516.0,5982.0,15697.0,6071.0
327,Hyndburn,North West,2010,67221,42672,14441.0,17531.0,5033.0,5667.0
328,Ilford North,London,2010,72372,47018,21506.0,16102.0,5966.0,3444.0
329,Ilford South,London,2010,86220,51191,14014.0,25301.0,8679.0,3197.0
330,Inverclyde,Scotland,2010,59209,37512,4502.0,20993.0,5007.0,7010.0
331,"Inverness, Nairn, Badenoch & Strathspey",Scotland,2010,72528,47086,6278.0,10407.0,19172.0,11229.0
332,Ipswich,Eastern,2010,75770,46941,18371.0,16292.0,8556.0,3722.0
333,Isle of Wight,South East,2010,109922,70264,32810.0,8169.0,22283.0,7002.0
334,Islington North,London,2010,68119,44554,6339.0,24276.0,11875.0,2064.0
335,Islington South & Finsbury,London,2010,67650,43555,8449.0,18407.0,14838.0,1861.0
336,Islwyn,Wales,2010,54866,34684,4854.0,17069.0,3597.0,9164.0
337,Jarrow,North East,2010,64350,38784,8002.0,20910.0,7163.0,2709.0
338,Keighley,Yorkshire and the Humber,2010,65893,47692,20003.0,17063.0,7059.0,3567.0
339,Kenilworth & Southam,West Midlands,2010,64362,48431,25945.0,6949.0,13393.0,2144.0
340,Kensington,London,2010,65975,35150,17595.0,8979.0,6872.0,1704.0
341,Kettering,East Midlands,2010,68824,47328,23247.0,14153.0,7498.0,2430.0
342,Kilmarnock & Loudoun,Scotland,2010,74131,46553,6592.0,24460.0,3419.0,12082.0
343,Kingston & Surbiton,London,2010,81115,57111,20868.0,5337.0,28428.0,2478.0
344,Kingswood,South West,2010,66361,47906,19362.0,16917.0,8072.0,3555.0
345,Kirkcaldy & Cowdenbeath,Scotland,2010,73534,45802,4258.0,29559.0,4269.0,7716.0
346,Knowsley,North West,2010,79564,44658,4004.0,31650.0,5964.0,3040.0
348,Lanark & Hamilton East,Scotland,2010,74773,46554,6981.0,23258.0,5249.0,11066.0
349,Lancashire West,North West,2010,73835,48473,17540.0,21883.0,6573.0,2477.0
350,Lancaster & Fleetwood,North West,2010,67379,42701,15404.0,15071.0,8167.0,4059.0
351,Leeds Central,Yorkshire and the Humber,2010,81266,37394,7541.0,18434.0,7789.0,3630.0
352,Leeds East,Yorkshire and the Humber,2010,64698,37813,8763.0,19056.0,6618.0,3376.0
353,Leeds North East,Yorkshire and the Humber,2010,67899,47535,15742.0,20287.0,9310.0,2196.0
354,Leeds North West,Yorkshire and the Humber,2010,65399,43483,11550.0,9132.0,20653.0,2148.0
355,Leeds West,Yorkshire and the Humber,2010,67453,38752,7641.0,16389.0,9373.0,5349.0
356,Leicester East,East Midlands,2010,72986,47995,11722.0,25804.0,6817.0,3652.0
357,Leicester South,East Midlands,2010,77175,47124,10066.0,21479.0,12671.0,2908.0
358,Leicester West,East Midlands,2010,64900,35819,9728.0,13745.0,8107.0,4239.0
359,Leicestershire North West,East Midlands,2010,71217,51952,23147.0,15636.0,8639.0,4530.0
360,Leicestershire South,East Midlands,2010,76633,54577,27000.0,11392.0,11476.0,4709.0
361,Leigh,North West,2010,75903,44332,9284.0,21295.0,8049.0,5704.0
362,Lewes,South East,2010,68708,50088,18401.0,2508.0,26048.0,3131.0
363,Lewisham Deptford,London,2010,67058,41220,5551.0,22132.0,9633.0,3904.0
364,Lewisham East,London,2010,65926,41719,9850.0,17966.0,11750.0,2153.0
365,Lewisham West & Penge,London,2010,69022,45028,11489.0,18501.0,12673.0,2365.0
366,Leyton & Wanstead,London,2010,63541,40159,8928.0,17511.0,11095.0,2625.0
367,Lichfield,West Midlands,2010,72586,51563,28048.0,10230.0,10365.0,2920.0
368,Lincoln,East Midlands,2010,73540,45721,17163.0,16105.0,9256.0,3197.0
369,Linlithgow & Falkirk East,Scotland,2010,80907,51450,6146.0,25634.0,6589.0,13081.0
370,Liverpool Riverside,North West,2010,74539,38801,4243.0,22998.0,8825.0,2735.0
371,Liverpool Walton,North West,2010,62612,34335,2241.0,24709.0,4891.0,2494.0
372,Liverpool Wavertree,North West,2010,62518,37914,2830.0,20132.0,12965.0,1987.0
373,Liverpool West Derby,North West,2010,63082,35784,3311.0,22953.0,4486.0,5034.0
374,Livingston,Scotland,2010,75924,47907,5158.0,23215.0,5316.0,14218.0
375,Llanelli,Wales,2010,55637,37461,5381.0,15916.0,3902.0,12262.0
377,Loughborough,East Midlands,2010,77505,52838,21971.0,18227.0,9675.0,2965.0
378,Louth & Horncastle,East Midlands,2010,77650,50494,25065.0,8760.0,11194.0,5475.0
379,Ludlow,West Midlands,2010,66632,48732,25720.0,3272.0,15971.0,3769.0
380,Luton North,Eastern,2010,65645,43018,13672.0,21192.0,4784.0,3370.0
381,Luton South,Eastern,2010,65219,42216,12396.0,14725.0,9567.0,5528.0
382,Macclesfield,North West,2010,75370,50059,23503.0,10164.0,11544.0,4848.0
383,Maidenhead,South East,2010,72844,53720,31937.0,3795.0,15168.0,2820.0
384,Maidstone & The Weald,South East,2010,71041,48928,23491.0,4769.0,17602.0,3066.0
385,Makerfield,North West,2010,73813,43771,8210.0,20700.0,7082.0,7779.0
386,Maldon,Eastern,2010,68777,47895,28661.0,6070.0,9254.0,3910.0
387,Manchester Central,North West,2010,90110,39927,4704.0,21059.0,10620.0,3544.0
388,Manchester Gorton,North West,2010,75933,38325,4224.0,19211.0,12508.0,2382.0
389,Manchester Withington,North West,2010,74371,45031,5005.0,18216.0,20110.0,1700.0
390,Mansfield,East Midlands,2010,80069,48395,12741.0,18753.0,7469.0,9432.0
391,Meon Valley,South East,2010,70488,51238,28818.0,3266.0,16693.0,2461.0
392,Meriden,West Midlands,2010,82228,52162,26956.0,10703.0,9278.0,5225.0
393,Merthyr Tydfil & Rhymney,Wales,2010,54715,32076,2412.0,14007.0,9951.0,5706.0
394,Middlesbrough,North East,2010,65148,33455,6283.0,15351.0,6662.0,5159.0
395,Middlesbrough South & Cleveland East,North East,2010,72666,46214,16461.0,18138.0,7340.0,4275.0
396,Midlothian,Scotland,2010,61387,39242,4661.0,18449.0,6711.0,9421.0
397,Milton Keynes North,South East,2010,82432,53888,23419.0,14458.0,11894.0,4117.0
398,Milton Keynes South,South East,2010,86559,55333,23034.0,17833.0,9787.0,4679.0
399,Mitcham & Morden,London,2010,65939,43797,11056.0,24722.0,5202.0,2817.0
400,Mole Valley,South East,2010,72297,54324,31263.0,3804.0,15610.0,3647.0
401,Monmouth,Wales,2010,64538,46519,22466.0,12041.0,9026.0,2986.0
402,Montgomeryshire,Wales,2010,48730,33813,13976.0,2407.0,12792.0,4638.0
403,Moray,Scotland,2010,65925,41004,10683.0,7007.0,5956.0,17358.0
404,Morecambe & Lunesdale,North West,2010,69576,43436,18035.0,17169.0,5791.0,2441.0
405,Morley & Outwood,Yorkshire and the Humber,2010,74891,48856,17264.0,18365.0,8186.0,5041.0
406,Motherwell & Wishaw,Scotland,2010,66918,39123,3660.0,23910.0,3840.0,7713.0
407,Na h-Eileanan an Iar (Western Isles),Scotland,2010,21780,14717,647.0,4838.0,1097.0,8135.0
408,Neath,Wales,2010,57295,37122,4847.0,17172.0,5535.0,9568.0
409,New Forest East,South East,2010,72858,50036,26443.0,4915.0,15136.0,3542.0
410,New Forest West,South East,2010,68332,47572,27980.0,4666.0,11084.0,3842.0
411,Newark,East Midlands,2010,71755,51228,27590.0,11438.0,10246.0,1954.0
412,Newbury,South East,2010,79144,58589,33057.0,2505.0,20809.0,2218.0
413,Newcastle-under-Lyme,West Midlands,2010,69433,43191,14841.0,16393.0,8466.0,3491.0
414,Newcastle upon Tyne Central,North East,2010,60507,34157,6611.0,15694.0,8228.0,3624.0
415,Newcastle upon Tyne East,North East,2010,64487,37840,6068.0,17043.0,12590.0,2139.0
416,Newcastle upon Tyne North,North East,2010,67110,43946,7966.0,17950.0,14536.0,3494.0
417,Newport East,Wales,2010,54437,34448,7918.0,12744.0,11094.0,2692.0
418,Newport West,Wales,2010,62111,39720,12845.0,16389.0,6587.0,3899.0
420,Newton Abbot,South West,2010,69319,48283,20774.0,3387.0,20251.0,3871.0
421,Norfolk Mid,Eastern,2010,74260,50765,25123.0,8857.0,11267.0,5518.0
422,Norfolk North,Eastern,2010,67851,49661,15928.0,2896.0,27554.0,3283.0
423,Norfolk North West,Eastern,2010,73105,47800,25916.0,6353.0,11106.0,4425.0
424,Norfolk South,Eastern,2010,76179,54993,27133.0,7252.0,16193.0,4415.0
425,Norfolk South West,Eastern,2010,73758,49150,23753.0,9119.0,10613.0,5665.0
426,"Normanton, Pontefract & Castleford",Yorkshire and the Humber,2010,82336,46239,11314.0,22293.0,7585.0,5047.0
427,Northampton North,East Midlands,2010,61850,40271,13735.0,11799.0,11250.0,3487.0
428,Northampton South,East Midlands,2010,63105,38978,15917.0,9913.0,7579.0,5569.0
429,Northamptonshire South ,East Midlands,2010,82033,59890,33081.0,10380.0,12603.0,3826.0
430,Norwich North,Eastern,2010,64814,42573,17280.0,13379.0,7783.0,4131.0
431,Norwich South,Eastern,2010,73649,47551,10902.0,13650.0,13960.0,9039.0
432,Nottingham East,East Midlands,2010,58705,33112,7846.0,15022.0,8053.0,2191.0
433,Nottingham North,East Midlands,2010,63240,34285,8508.0,16646.0,5849.0,3282.0
434,Nottingham South,East Midlands,2010,67441,40789,13437.0,15209.0,9406.0,2737.0
435,Nuneaton,West Midlands,2010,67837,44646,18536.0,16467.0,6846.0,2797.0
436,Ochil & South Perthshire,Scotland,2010,75115,50469,10342.0,19131.0,5754.0,15242.0
437,Ogmore,Wales,2010,55527,34650,5398.0,18644.0,5260.0,5348.0
438,Old Bexley & Sidcup,London,2010,65699,45492,24625.0,8768.0,6996.0,5103.0
439,Oldham East & Saddleworth,North West,2010,72557,44520,11773.0,14186.0,14083.0,4478.0
440,Oldham West & Royton,North West,2010,72359,42910,10151.0,19503.0,8193.0,5063.0
441,Orkney & Shetland,Scotland,2010,33085,19346,2032.0,2061.0,11989.0,3264.0
442,Orpington,London,2010,67732,48911,29200.0,4400.0,12000.0,3311.0
443,Oxford East,South East,2010,81903,51651,9727.0,21938.0,17357.0,2629.0
444,Oxford West & Abingdon,South East,2010,86458,56480,23906.0,5999.0,23730.0,2845.0
445,Paisley & Renfrewshire North,Scotland,2010,63704,43707,6381.0,23613.0,4597.0,9116.0
446,Paisley & Renfrewshire South,Scotland,2010,61197,39998,3979.0,23842.0,3812.0,8365.0
447,Pendle,North West,2010,66422,45045,17512.0,13927.0,9095.0,4511.0
448,Penistone & Stocksbridge,Yorkshire and the Humber,2010,68480,46516,14516.0,17565.0,9800.0,4635.0
449,Penrith & The Border,North West,2010,64484,45087,24071.0,5834.0,12830.0,2352.0
450,Perth & North Perthshire,Scotland,2010,72141,48268,14739.0,7923.0,5954.0,19652.0
451,Peterborough,Eastern,2010,70278,44927,18133.0,13272.0,8816.0,4706.0
452,Plymouth Moor View,South West,2010,68062,41526,13845.0,15433.0,7016.0,5232.0
453,Plymouth Sutton & Devonport,South West,2010,72938,43894,15050.0,13901.0,10829.0,4114.0
454,Pontypridd,Wales,2010,58205,36671,5932.0,14220.0,11435.0,5084.0
455,Poole,South West,2010,72641,47436,22532.0,6041.0,14991.0,3872.0
456,Poplar & Limehouse,London,2010,74955,46700,12649.0,18679.0,5209.0,10163.0
457,Portsmouth North,South East,2010,70329,44118,19533.0,12244.0,8874.0,3467.0
458,Portsmouth South,South East,2010,70242,41264,13721.0,5640.0,18921.0,2982.0
459,Preseli Pembrokeshire,Wales,2010,57400,39602,16944.0,12339.0,5759.0,4560.0
460,Preston,North West,2010,61187,32505,7060.0,15668.0,7935.0,1842.0
461,Pudsey,Yorkshire and the Humber,2010,69257,49083,18874.0,17215.0,10224.0,2770.0
462,Putney,London,2010,63371,40785,21223.0,11170.0,6907.0,1485.0
463,Rayleigh & Wickford,Eastern,2010,75661,52343,30257.0,7577.0,7919.0,6590.0
464,Reading East,South East,2010,74929,49985,21269.0,12729.0,13664.0,2323.0
465,Reading West,South East,2010,72120,47530,20523.0,14519.0,9546.0,2942.0
466,Redcar,North East,2010,67127,41963,5790.0,13741.0,18955.0,3477.0
467,Redditch,West Midlands,2010,66573,44018,19138.0,13317.0,7750.0,3813.0
468,Reigate,South East,2010,71604,49978,26688.0,5672.0,13097.0,4521.0
469,Renfrewshire East,Scotland,2010,66249,51181,15567.0,25987.0,4720.0,4907.0
470,Rhondda,Wales,2010,51554,31072,1993.0,17183.0,3309.0,8587.0
471,Ribble Valley,North West,2010,77789,52287,26298.0,11529.0,10732.0,3728.0
472,Richmond (Yorks),Yorkshire and the Humber,2010,80563,53412,33541.0,8150.0,10205.0,1516.0
473,Richmond Park,London,2010,77751,59268,29461.0,2979.0,25370.0,1458.0
474,Rochdale,North West,2010,78952,45907,8305.0,16699.0,15810.0,5093.0
475,Rochester & Strood,South East,2010,73758,47971,23604.0,13651.0,7800.0,2916.0
476,Rochford & Southend East,Eastern,2010,71467,41631,19509.0,8459.0,8084.0,5579.0
477,Romford,London,2010,71306,46481,26031.0,9077.0,5572.0,5801.0
478,Romsey & Southampton North,South East,2010,68157,48939,24345.0,3116.0,20189.0,1289.0
479,"Ross, Skye & Lochaber",Scotland,2010,51836,34838,4260.0,5265.0,18335.0,6978.0
480,Rossendale & Darwen,North West,2010,73229,47128,19691.0,15198.0,8541.0,3698.0
481,Rother Valley,Yorkshire and the Humber,2010,72847,46758,13281.0,19147.0,8111.0,6219.0
482,Rotherham,Yorkshire and the Humber,2010,63563,37506,6279.0,16741.0,5994.0,8492.0
483,Rugby,West Midlands,2010,68914,47468,20901.0,14901.0,9434.0,2232.0
484,"Ruislip, Northwood & Pinner",London,2010,70873,50205,28866.0,9806.0,8345.0,3188.0
485,Runnymede & Weybridge,South East,2010,72566,48150,26915.0,6446.0,10406.0,4383.0
486,Rushcliffe,East Midlands,2010,72955,53687,27470.0,11128.0,11659.0,3430.0
487,Rutherglen & Hamilton West,Scotland,2010,76408,46981,4540.0,28566.0,5636.0,8239.0
488,Rutland & Melton,East Midlands,2010,77185,55220,28228.0,7893.0,14228.0,4871.0
489,Saffron Walden,Eastern,2010,76035,54369,30155.0,5288.0,14913.0,4013.0
490,St Albans,Eastern,2010,70058,52835,21533.0,9288.0,19228.0,2786.0
491,St Austell & Newquay,South West,2010,75284,47238,18877.0,3386.0,20189.0,4786.0
492,St Helens North,North West,2010,74985,44556,9940.0,23041.0,8992.0,2583.0
493,St Helens South & Whiston,North West,2010,77975,46081,8209.0,24364.0,10242.0,3266.0
494,St Ives,South West,2010,66944,45921,17900.0,3751.0,19619.0,4651.0
495,Salford & Eccles,North West,2010,75483,41533,8497.0,16655.0,10930.0,5451.0
496,Salisbury,South West,2010,67430,48481,23859.0,3690.0,17893.0,3039.0
497,Scarborough & Whitby,Yorkshire and the Humber,2010,75470,49282,21108.0,12978.0,11093.0,4103.0
498,Scunthorpe,Yorkshire and the Humber,2010,63089,37034,12091.0,14640.0,6774.0,3529.0
499,Sedgefield,North East,2010,64728,40222,9445.0,18141.0,8033.0,4603.0
500,Sefton Central,North West,2010,67511,48463,16445.0,20307.0,9656.0,2055.0
501,Selby & Ainsty,Yorkshire and the Humber,2010,72804,51728,25562.0,13297.0,9180.0,3689.0
502,Sevenoaks,South East,2010,69591,49408,28076.0,6541.0,10561.0,4230.0
503,Sheffield Brightside & Hillsborough,Yorkshire and the Humber,2010,67740,38914,4468.0,21400.0,7768.0,5278.0
504,Sheffield Central,Yorkshire and the Humber,2010,67554,41468,4206.0,17138.0,16973.0,3151.0
505,Sheffield Hallam,Yorkshire and the Humber,2010,68798,51135,12040.0,8228.0,27324.0,3543.0
506,Sheffield Heeley,Yorkshire and the Humber,2010,65571,40871,7081.0,17409.0,11602.0,4779.0
507,Sheffield South East,Yorkshire and the Humber,2010,67068,41408,7202.0,20169.0,9664.0,4373.0
508,Sherwood,East Midlands,2010,71443,48954,19211.0,18997.0,7283.0,3463.0
509,Shipley,Yorkshire and the Humber,2010,67689,49427,24002.0,14058.0,9890.0,1477.0
510,Shrewsbury & Atcham,West Midlands,2010,75446,53045,23313.0,10915.0,15369.0,3448.0
511,Shropshire North,West Midlands,2010,78930,51869,26692.0,9406.0,10864.0,4907.0
512,Sittingbourne & Sheppey,South East,2010,75855,48578,24313.0,11930.0,7943.0,4392.0
513,Skipton & Ripon,Yorkshire and the Humber,2010,77381,54724,27685.0,5498.0,17735.0,3806.0
514,Sleaford & North Hykeham,East Midlands,2010,84806,59530,30719.0,10051.0,10814.0,7946.0
515,Slough,South East,2010,77473,47742,16361.0,21884.0,6943.0,2554.0
516,Solihull,West Midlands,2010,76288,55129,23460.0,4891.0,23635.0,3143.0
517,Somerset North,South West,2010,77306,57941,28549.0,6448.0,20687.0,2257.0
518,Somerset North East,South West,2010,67881,51203,21130.0,16216.0,11433.0,2424.0
519,Somerton & Frome,South West,2010,81548,60612,26976.0,2675.0,28793.0,2168.0
520,South Holland & The Deepings,East Midlands,2010,76243,50188,29639.0,7024.0,7759.0,5766.0
521,South Ribble,North West,2010,75822,51458,23396.0,17842.0,7271.0,2949.0
522,South Shields,North East,2010,64084,36518,7886.0,18995.0,5189.0,4448.0
523,Southampton Itchen,South East,2010,74532,44412,16134.0,16326.0,9256.0,2696.0
524,Southampton Test,South East,2010,71931,44187,14588.0,17001.0,9865.0,2733.0
525,Southend West,Eastern,2010,66918,43606,20086.0,5850.0,12816.0,4854.0
526,Southport,North West,2010,67200,43757,15683.0,4116.0,21707.0,2251.0
527,Spelthorne,South East,2010,70479,47304,22261.0,7789.0,12242.0,5012.0
528,Stafford,West Midlands,2010,70667,50239,22047.0,16587.0,8211.0,3394.0
529,Staffordshire Moorlands,West Midlands,2010,62137,43815,19793.0,13104.0,7338.0,3580.0
530,Staffordshire South,West Midlands,2010,73849,50440,26834.0,10244.0,8427.0,4935.0
531,Stalybridge & Hyde,North West,2010,69081,40879,13445.0,16189.0,6965.0,4280.0
532,Stevenage,Eastern,2010,68937,44651,18491.0,14913.0,7432.0,3815.0
533,Stirling,Scotland,2010,66080,46841,11254.0,19558.0,6797.0,9232.0
534,Stockport,North West,2010,62879,39128,9913.0,16697.0,9778.0,2740.0
535,Stockton North,North East,2010,66752,39498,10247.0,16923.0,6342.0,5986.0
536,Stockton South,North East,2010,73840,50284,19577.0,19245.0,7600.0,3862.0
537,Stoke-on-Trent Central,West Midlands,2010,61003,32470,6833.0,12605.0,7039.0,5993.0
538,Stoke-on-Trent North,West Midlands,2010,72054,40196,9580.0,17815.0,7120.0,5681.0
539,Stoke-on-Trent South,West Midlands,2010,68032,39852,11316.0,15446.0,6323.0,6767.0
540,Stone,West Midlands,2010,67062,47229,23890.0,9770.0,10598.0,2971.0
541,Stourbridge,West Midlands,2010,69637,47234,20153.0,14989.0,7733.0,4359.0
543,Stratford-on-Avon,West Midlands,2010,69517,50542,26052.0,4809.0,14706.0,4975.0
544,Streatham,London,2010,74532,46837,8578.0,20037.0,16778.0,1444.0
545,Stretford & Urmston,North West,2010,70991,44910,12886.0,21821.0,7601.0,2602.0
546,Stroud,South West,2010,78286,57973,23679.0,22380.0,8955.0,2959.0
547,Suffolk Central & Ipswich North,Eastern,2010,75786,53420,27125.0,8636.0,13339.0,4320.0
548,Suffolk Coastal,Eastern,2010,76572,54893,25475.0,8812.0,16347.0,4259.0
549,Suffolk South,Eastern,2010,72498,51416,24550.0,7368.0,15861.0,3637.0
550,Suffolk West,Eastern,2010,74374,48089,24312.0,7089.0,11262.0,5426.0
551,Sunderland Central,North East,2010,74485,42463,12770.0,19495.0,7191.0,3007.0
552,Surrey East,South East,2010,76855,54640,31007.0,4925.0,14133.0,4575.0
553,Surrey Heath,South East,2010,78107,54347,31326.0,5552.0,14037.0,3432.0
554,Surrey South West,South East,2010,76501,57259,33605.0,3419.0,17287.0,2948.0
555,Sussex Mid,South East,2010,77199,55855,28329.0,3689.0,20927.0,2910.0
556,Sutton & Cheam,London,2010,66658,48508,20548.0,3376.0,22156.0,2428.0
557,Sutton Coldfield,West Midlands,2010,74489,50589,27303.0,10298.0,9117.0,3871.0
558,Swansea East,Wales,2010,59823,32676,4823.0,16819.0,5981.0,5053.0
559,Swansea West,Wales,2010,61334,35593,7407.0,12335.0,11831.0,4020.0
560,Swindon North,South West,2010,78384,50295,22408.0,15348.0,8668.0,3871.0
561,Swindon South,South West,2010,72619,47119,19687.0,16143.0,8305.0,2984.0
562,Tamworth,West Midlands,2010,71962,46390,21238.0,15148.0,7516.0,2488.0
563,Tatton,North West,2010,66746,45231,24687.0,7803.0,10200.0,2541.0
564,Taunton Deane,South West,2010,82507,58150,24538.0,2967.0,28531.0,2114.0
565,Telford,West Midlands,2010,65061,41310,14996.0,15974.0,6399.0,3941.0
566,Tewkesbury,South West,2010,76655,53961,25472.0,6253.0,19162.0,3074.0
567,Thanet North,South East,2010,68602,43343,22826.0,9298.0,8400.0,2819.0
568,Thanet South,South East,2010,70045,45933,22043.0,14426.0,6935.0,2529.0
569,Thirsk & Malton,Yorkshire and the Humber,2010,76416,38142,20167.0,5169.0,8886.0,3920.0
570,Thornbury & Yate,South West,2010,64092,48226,17916.0,3385.0,25032.0,1893.0
571,Thurrock,Eastern,2010,77758,45821,16869.0,16777.0,4901.0,7274.0
572,Tiverton & Honiton,South West,2010,76808,54894,27614.0,4907.0,18294.0,4079.0
573,Tonbridge & Malling,South East,2010,71790,51314,29723.0,6476.0,11545.0,3570.0
574,Tooting,London,2010,73840,50655,19514.0,22038.0,7509.0,1594.0
575,Torbay,South West,2010,76244,49210,19048.0,3231.0,23126.0,3805.0
576,Torfaen,Wales,2010,61183,37640,7541.0,16847.0,6264.0,6988.0
577,Totnes,South West,2010,67962,47843,21940.0,3538.0,17013.0,5352.0
578,Tottenham,London,2010,68834,40687,6064.0,24128.0,7197.0,3298.0
579,Truro & Falmouth,South West,2010,70598,48768,20349.0,4697.0,19914.0,3808.0
580,Tunbridge Wells,South East,2010,73855,50320,28302.0,5448.0,12726.0,3844.0
581,Twickenham,London,2010,80569,59721,20343.0,4583.0,32483.0,2312.0
582,Tynemouth,North East,2010,75680,52668,18121.0,23860.0,7845.0,2842.0
583,Tyneside North,North East,2010,77690,46405,8514.0,23505.0,10621.0,3765.0
587,Uxbridge & Ruislip South,London,2010,71160,45076,21758.0,10542.0,8995.0,3781.0
588,Vale of Clwyd,Wales,2010,55781,35534,12508.0,15017.0,4472.0,3537.0
589,Vale of Glamorgan,Wales,2010,70211,48667,20341.0,16034.0,7403.0,4889.0
590,Vauxhall,London,2010,74811,43191,9301.0,21498.0,10847.0,1545.0
591,Wakefield,Yorkshire and the Humber,2010,70812,44444,15841.0,17454.0,7256.0,3893.0
592,Wallasey,North West,2010,65915,41654,13071.0,21578.0,5693.0,1312.0
593,Walsall North,West Midlands,2010,64034,36187,12395.0,13385.0,4754.0,5653.0
594,Walsall South,West Midlands,2010,64387,40882,14456.0,16211.0,5880.0,4335.0
595,Walthamstow,London,2010,64625,40994,5734.0,21252.0,11774.0,2234.0
596,Wansbeck,North East,2010,61782,38273,6714.0,17548.0,10517.0,3494.0
597,Wantage,South East,2010,80456,56341,29284.0,7855.0,15737.0,3465.0
598,Warley,West Midlands,2010,62751,38270,9484.0,20240.0,5929.0,2617.0
599,Warrington North,North West,2010,70473,44211,13364.0,20135.0,9196.0,1516.0
600,Warrington South,North West,2010,79182,54874,19641.0,18088.0,15094.0,2051.0
601,Warwick & Leamington,West Midlands,2010,67800,49032,20876.0,17363.0,8977.0,1816.0
602,Warwickshire North,West Midlands,2010,70138,47265,18993.0,18939.0,5481.0,3852.0
603,Washington & Sunderland West,North East,2010,68910,37334,8157.0,19615.0,6382.0,3180.0
604,Watford,Eastern,2010,80798,55208,19291.0,14750.0,17866.0,3301.0
605,Waveney,Eastern,2010,78532,51141,20571.0,19802.0,6811.0,3957.0
606,Wealden,South East,2010,76537,54969,31090.0,5266.0,13911.0,4702.0
607,Weaver Vale,North West,2010,67269,43990,16953.0,15962.0,8196.0,2879.0
608,Wellingborough,East Midlands,2010,76846,51661,24918.0,13131.0,8848.0,4764.0
609,Wells,South West,2010,79432,55864,23760.0,4198.0,24560.0,3346.0
610,Welwyn Hatfield,Eastern,2010,72058,48972,27894.0,10471.0,8010.0,2597.0
611,Wentworth & Dearne,Yorkshire and the Humber,2010,72586,42106,7396.0,21316.0,6787.0,6607.0
612,West Bromwich East,West Midlands,2010,62668,37950,10961.0,17657.0,4993.0,4339.0
613,West Bromwich West,West Midlands,2010,64859,36171,10612.0,16263.0,4336.0,4960.0
614,West Ham,London,2010,85313,46951,6888.0,29422.0,5392.0,5249.0
615,Westminster North,London,2010,66739,39598,15251.0,17377.0,5513.0,1457.0
616,Westmorland & Lonsdale,North West,2010,66988,51487,18632.0,1158.0,30896.0,801.0
617,Weston-Super-Mare,South West,2010,78487,52716,23356.0,5772.0,20665.0,2923.0
618,Wigan,North West,2010,75407,44140,10917.0,21404.0,6797.0,5022.0
619,Wiltshire North,South West,2010,66315,48699,25114.0,3239.0,17631.0,2715.0
620,Wiltshire South West,South West,2010,71647,49018,25321.0,5613.0,14954.0,3130.0
621,Wimbledon,London,2010,65723,47395,23257.0,10550.0,11849.0,1739.0
622,Winchester,South East,2010,73805,55955,27155.0,3051.0,24107.0,1642.0
623,Windsor,South East,2010,69511,49588,30172.0,4910.0,11118.0,3388.0
624,Wirral South,North West,2010,56099,39906,15745.0,16276.0,6611.0,1274.0
625,Wirral West,North West,2010,55050,39372,16726.0,14290.0,6630.0,1726.0
626,Witham,Eastern,2010,66969,46835,24448.0,8656.0,9252.0,4479.0
627,Witney,South East,2010,78766,57769,33973.0,7511.0,11233.0,5052.0
628,Woking,South East,2010,73837,52786,26551.0,4246.0,19744.0,2245.0
629,Wokingham,South East,2010,76386,54528,28754.0,5516.0,15262.0,4996.0
630,Wolverhampton North East,West Midlands,2010,58931,34894,11964.0,14448.0,4711.0,3771.0
631,Wolverhampton South East,West Midlands,2010,59884,34707,9912.0,16505.0,5277.0,3013.0
632,Wolverhampton South West,West Midlands,2010,58845,40160,16344.0,15653.0,6430.0,1733.0
633,Worcester,West Midlands,2010,72835,48974,19358.0,16376.0,9525.0,3715.0
634,Worcestershire Mid,West Midlands,2010,72145,50931,27770.0,7613.0,11906.0,3642.0
635,Worcestershire West,West Midlands,2010,72807,54093,27213.0,3661.0,20459.0,2760.0
636,Workington,North West,2010,59607,39259,13290.0,17865.0,5318.0,2786.0
637,Worsley & Eccles South,North West,2010,72473,41701,13555.0,17892.0,6883.0,3371.0
638,Worthing East & Shoreham,South East,2010,74001,48397,23458.0,8087.0,12353.0,4499.0
639,Worthing West,South East,2010,75945,49123,25416.0,5800.0,13687.0,4220.0
640,"Wrekin, The",West Midlands,2010,65544,45968,21922.0,12472.0,8019.0,3555.0
641,Wrexham,Wales,2010,50872,32976,8375.0,12161.0,8503.0,3937.0
642,Wycombe,South East,2010,74175,48151,23423.0,8326.0,13863.0,2539.0
643,Wyre & Preston North,North West,2010,70201,51308,26877.0,10932.0,11033.0,2466.0
644,Wyre Forest,West Midlands,2010,76713,50899,18793.0,7298.0,6040.0,18768.0
645,Wythenshawe & Sale East,North West,2010,79923,40751,10412.0,17987.0,9107.0,3245.0
646,Yeovil,South West,2010,82314,57160,18807.0,2991.0,31843.0,3519.0
647,Ynys Mon,Wales,2010,50075,34444,7744.0,11490.0,2592.0,12618.0
648,York Central,Yorkshire and the Humber,2010,76439,46483,12122.0,18573.0,11694.0,4094.0
649,York Outer,Yorkshire and the Humber,2010,75939,53300,22912.0,9108.0,19224.0,2056.0
650,Yorkshire East,Yorkshire and the Humber,2010,80105,51254,24328.0,10401.0,10842.0,5683.0
