parliamentary constituency 2010,All categories,No qualifications,Level 1 qualifications,Level 2 qualifications,Apprenticeship,Level 3 qualifications,Level 4 qualifications and above,Other qualifications,Schoolchildren and full-time students: Age 18 and over
Berwick-upon-Tweed,100.0,24.0,13.4,16.6,4.6,11.3,25.9,4.2,1.9
Bishop Auckland,100.0,30.0,13.4,16.1,4.5,12.1,20.0,3.8,2.6
Blaydon,100.0,25.4,14.1,16.2,5.6,11.8,23.0,3.9,2.9
Blyth Valley,100.0,25.7,15.8,17.6,5.5,13.1,18.7,3.6,2.7
City of Durham,100.0,20.5,10.5,13.2,3.0,19.8,29.3,3.7,16.7
Darlington,100.0,26.0,13.7,16.0,5.1,12.7,22.0,4.5,2.7
Easington,100.0,33.5,14.9,16.7,4.0,11.7,15.3,4.0,3.3
Gateshead,100.0,30.5,14.3,14.9,4.6,10.7,20.7,4.4,4.9
Hartlepool,100.0,30.7,13.5,16.2,5.5,12.5,17.6,4.0,3.2
Hexham,100.0,18.7,11.4,15.3,3.9,11.3,35.9,3.6,2.5
Houghton and Sunderland South,100.0,30.7,15.5,16.5,5.3,11.6,16.7,3.6,3.3
Jarrow,100.0,26.9,14.7,16.3,6.5,12.4,19.7,3.6,3.3
Middlesbrough,100.0,31.7,13.7,14.8,3.9,13.4,16.9,5.7,9.5
Middlesbrough South and East Cleveland,100.0,26.3,13.0,16.2,5.5,12.7,22.4,3.9,3.1
Newcastle upon Tyne Central,100.0,26.6,11.7,12.1,2.7,13.6,26.6,6.6,15.0
Newcastle upon Tyne East,100.0,19.7,8.9,10.8,2.9,25.3,28.1,4.2,27.6
Newcastle upon Tyne North,100.0,25.1,13.6,14.8,4.7,11.4,26.6,3.9,4.7
North Durham,100.0,27.3,14.8,17.2,4.6,12.2,20.2,3.7,3.0
North Tyneside,100.0,26.6,15.5,16.3,5.6,11.9,20.2,3.8,3.1
North West Durham,100.0,25.9,13.3,16.3,4.5,12.4,23.5,4.0,2.7
Redcar,100.0,29.5,14.1,16.6,5.8,13.3,16.8,3.8,3.2
Sedgefield,100.0,27.4,13.6,16.5,4.7,12.6,21.2,4.0,2.5
South Shields,100.0,29.1,14.6,16.1,5.8,11.7,18.6,4.1,4.0
Stockton North,100.0,27.9,15.1,16.9,5.4,12.7,18.1,3.9,3.9
Stockton South,100.0,19.9,12.8,16.8,5.1,14.4,27.1,3.8,4.8
Sunderland Central,100.0,27.5,13.7,15.1,4.9,12.8,21.4,4.6,8.3
Tynemouth,100.0,20.7,12.5,15.8,4.9,11.8,30.6,3.7,3.2
Wansbeck,100.0,26.9,13.8,16.5,4.1,12.6,22.4,3.7,2.5
Washington and Sunderland West,100.0,29.2,17.5,17.3,5.0,11.5,15.9,3.6,3.3
Altrincham and Sale West,100.0,15.2,11.1,15.2,3.1,11.4,40.3,3.7,3.1
Ashton-under-Lyne,100.0,29.6,16.5,17.2,4.3,11.8,15.4,5.2,3.5
Barrow and Furness,100.0,24.0,13.3,15.3,8.5,13.3,22.3,3.4,2.0
Birkenhead,100.0,27.8,14.6,17.7,4.0,12.0,19.9,4.0,3.4
Blackburn,100.0,30.8,14.4,14.7,3.6,10.7,18.1,7.6,5.2
Blackley and Broughton,100.0,31.8,13.6,13.9,1.9,10.2,19.8,8.7,7.5
Blackpool North and Cleveleys,100.0,29.7,14.8,17.2,4.5,11.8,17.6,4.3,3.0
Blackpool South,100.0,32.0,15.8,17.1,4.2,11.4,14.6,4.9,3.5
Bolton North East,100.0,26.9,14.3,15.7,4.2,11.9,21.7,5.3,4.4
Bolton South East,100.0,30.8,15.1,15.8,4.0,11.6,16.4,6.3,5.1
Bolton West,100.0,22.1,13.5,16.0,4.7,12.5,27.3,3.8,3.1
Bootle,100.0,31.2,16.0,17.2,3.4,12.4,16.5,3.4,4.2
Burnley,100.0,29.3,14.4,15.8,4.6,12.3,18.7,4.8,3.4
Bury North,100.0,22.5,13.6,17.0,3.6,12.4,26.1,4.8,3.3
Bury South,100.0,22.6,14.5,17.3,3.5,12.3,25.3,4.5,3.6
Carlisle,100.0,25.6,15.1,16.3,4.7,12.8,20.9,4.6,4.1
Cheadle,100.0,15.9,11.8,15.8,3.7,12.1,36.7,4.0,3.7
Chorley,100.0,21.4,13.3,16.1,4.8,12.7,27.8,3.8,2.7
City of Chester,100.0,19.0,11.5,14.3,3.2,14.2,33.8,4.1,7.7
Congleton,100.0,20.1,12.2,16.2,4.5,12.6,31.0,3.5,2.7
Copeland,100.0,25.6,13.8,15.6,5.6,12.2,23.1,3.9,1.7
Crewe and Nantwich,100.0,22.7,13.4,16.5,5.2,13.2,24.2,4.8,4.9
Denton and Reddish,100.0,27.7,16.3,17.4,4.8,12.6,17.3,4.0,3.1
Eddisbury,100.0,21.7,13.3,16.0,3.8,11.7,30.0,3.5,2.8
Ellesmere Port and Neston,100.0,22.9,15.1,16.8,4.7,12.9,23.7,3.9,3.3
Fylde,100.0,20.8,12.0,16.6,4.3,12.4,30.0,4.0,2.7
Garston and Halewood,100.0,30.2,13.8,15.7,3.3,11.4,22.0,3.7,4.1
Halton,100.0,27.2,16.6,18.4,4.0,12.6,17.4,3.7,3.3
Hazel Grove,100.0,21.1,13.7,16.4,4.7,12.4,27.9,3.8,2.7
Heywood and Middleton,100.0,28.1,14.9,16.9,3.9,11.8,19.8,4.5,3.4
Hyndburn,100.0,27.6,13.9,16.3,5.3,12.5,19.5,4.9,3.6
Knowsley,100.0,36.4,15.2,15.9,3.4,11.5,14.3,3.4,4.0
Lancaster and Fleetwood,100.0,21.1,11.1,13.9,3.1,19.9,26.5,4.5,17.0
Leigh,100.0,25.8,15.5,17.7,4.5,12.6,20.2,3.9,2.9
"Liverpool, Riverside",100.0,21.4,8.4,10.6,1.4,23.1,29.7,5.3,27.6
"Liverpool, Walton",100.0,36.5,15.7,16.2,3.0,11.5,13.3,3.8,4.7
"Liverpool, Wavertree",100.0,25.5,12.0,13.7,2.5,15.1,26.6,4.7,11.3
"Liverpool, West Derby",100.0,32.8,14.8,16.5,3.1,11.7,17.2,3.9,4.8
Macclesfield,100.0,18.2,11.6,15.8,3.5,12.4,35.0,3.5,2.7
Makerfield,100.0,26.5,15.3,17.6,5.1,12.6,19.4,3.6,2.8
Manchester Central,100.0,21.4,10.2,11.2,1.4,18.6,29.7,7.4,26.0
"Manchester, Gorton",100.0,22.0,10.5,11.6,1.4,19.5,26.0,8.9,22.5
"Manchester, Withington",100.0,14.7,7.3,9.6,1.4,17.4,45.1,4.5,16.9
Morecambe and Lunesdale,100.0,24.5,13.2,17.1,4.5,12.7,23.6,4.4,3.0
Oldham East and Saddleworth,100.0,27.5,13.8,15.8,4.2,11.9,21.6,5.1,3.8
Oldham West and Royton,100.0,31.8,15.2,15.3,4.0,11.3,16.4,5.9,4.5
Pendle,100.0,28.2,13.3,15.1,4.8,12.5,20.2,5.8,3.5
Penrith and The Border,100.0,23.0,13.5,16.6,4.0,11.8,26.9,4.2,2.3
Preston,100.0,26.7,13.4,14.2,3.3,16.3,19.3,6.8,14.0
Ribble Valley,100.0,19.4,12.2,15.8,5.6,13.2,30.0,3.7,2.8
Rochdale,100.0,29.3,14.4,15.9,3.4,11.6,19.0,6.3,4.5
Rossendale and Darwen,100.0,23.6,13.8,16.5,4.3,13.2,24.9,3.7,3.1
Salford and Eccles,100.0,25.9,12.8,14.5,3.2,13.5,24.7,5.5,9.8
Sefton Central,100.0,21.2,13.0,16.2,4.5,12.3,29.4,3.4,3.5
South Ribble,100.0,20.6,13.2,16.6,5.2,13.1,27.5,3.8,2.8
Southport,100.0,22.6,12.8,16.2,3.9,12.7,27.0,4.9,3.3
St Helens North,100.0,27.7,14.3,16.8,4.6,12.2,20.7,3.7,3.1
St Helens South and Whiston,100.0,28.8,14.5,16.5,3.9,12.2,20.3,3.8,3.3
Stalybridge and Hyde,100.0,26.3,15.5,17.4,4.4,12.2,20.1,4.1,3.0
Stockport,100.0,23.7,14.1,15.6,3.6,11.8,27.3,3.9,3.5
Stretford and Urmston,100.0,22.7,14.2,16.6,3.7,12.1,25.5,5.2,4.4
Tatton,100.0,17.6,11.4,15.5,3.1,11.4,37.4,3.5,2.7
Wallasey,100.0,25.3,15.4,18.3,4.0,13.3,20.2,3.6,3.4
Warrington North,100.0,23.4,15.7,17.0,4.1,12.8,22.7,4.3,3.6
Warrington South,100.0,18.3,13.6,16.1,4.1,12.4,31.7,3.9,2.8
Weaver Vale,100.0,21.6,14.3,16.8,3.7,12.3,27.6,3.7,2.8
West Lancashire,100.0,23.4,13.6,15.7,3.8,14.2,25.2,4.0,6.7
Westmorland and Lonsdale,100.0,18.9,12.0,15.7,4.3,11.8,33.3,4.1,2.1
Wigan,100.0,29.0,14.9,16.2,4.6,11.5,19.8,4.0,3.0
Wirral South,100.0,19.5,12.4,16.6,4.7,12.6,30.7,3.4,3.0
Wirral West,100.0,19.7,11.6,16.1,4.3,12.2,32.6,3.4,3.0
Workington,100.0,28.3,14.0,16.2,5.2,11.7,20.8,3.8,1.9
Worsley and Eccles South,100.0,26.8,15.4,16.9,4.0,12.2,20.3,4.3,3.4
Wyre and Preston North,100.0,19.4,11.6,15.7,4.9,12.6,32.0,3.9,3.5
Wythenshawe and Sale East,100.0,26.7,14.4,15.4,2.9,10.7,24.8,5.1,4.0
Barnsley Central,100.0,31.9,14.5,16.2,3.9,11.7,17.1,4.6,3.0
Barnsley East,100.0,34.2,14.7,16.5,4.2,11.1,14.8,4.4,2.4
Batley and Spen,100.0,28.6,14.8,15.6,5.0,11.6,19.2,5.1,3.4
Beverley and Holderness,100.0,22.5,12.7,16.1,5.1,12.2,27.3,4.1,2.7
Bradford East,100.0,32.9,15.3,14.4,3.2,10.2,15.7,8.2,5.5
Bradford South,100.0,30.9,15.9,15.8,4.5,11.1,16.1,5.5,3.9
Bradford West,100.0,30.6,13.7,12.7,2.1,11.4,19.7,9.7,11.8
Brigg and Goole,100.0,26.1,14.8,16.8,5.0,11.8,20.6,4.9,2.2
Calder Valley,100.0,20.7,12.9,15.9,4.9,12.4,29.9,3.3,2.8
Cleethorpes,100.0,27.0,15.4,17.3,5.4,11.2,19.0,4.7,2.6
Colne Valley,100.0,21.0,12.3,14.8,5.4,12.6,29.8,4.2,3.6
Dewsbury,100.0,27.2,13.5,15.3,4.6,11.9,22.6,5.0,5.0
Don Valley,100.0,30.2,14.8,17.0,4.5,11.0,18.2,4.4,2.5
Doncaster Central,100.0,27.9,14.9,16.9,4.4,10.7,18.5,6.7,3.0
Doncaster North,100.0,32.8,16.6,17.1,4.5,10.3,14.3,4.4,2.4
East Yorkshire,100.0,26.9,13.4,16.4,4.8,11.1,22.9,4.6,2.4
Elmet and Rothwell,100.0,22.9,13.1,16.2,5.0,11.5,27.6,3.6,2.5
Great Grimsby,100.0,31.2,16.7,18.0,3.9,10.5,14.5,5.1,3.7
Halifax,100.0,27.1,14.5,16.5,4.9,12.2,19.8,5.2,3.6
Haltemprice and Howden,100.0,18.9,12.0,15.9,5.2,13.3,30.8,3.8,4.2
Harrogate and Knaresborough,100.0,16.9,11.7,16.3,3.6,11.8,34.7,5.0,2.4
Hemsworth,100.0,33.0,13.9,15.9,4.0,10.2,18.4,4.6,2.3
Huddersfield,100.0,25.0,12.2,14.4,4.3,14.3,23.7,6.1,10.3
Keighley,100.0,24.3,12.5,15.5,4.7,11.7,26.7,4.6,3.2
Kingston upon Hull East,100.0,34.1,16.0,16.4,4.7,11.5,12.3,5.0,3.1
Kingston upon Hull North,100.0,27.9,13.3,14.5,3.4,16.1,18.9,5.9,13.1
Kingston upon Hull West and Hessle,100.0,31.3,14.3,15.6,4.3,11.7,16.1,6.7,3.8
Leeds Central,100.0,25.6,12.0,12.2,2.4,19.2,21.9,6.8,21.6
Leeds East,100.0,33.2,15.3,15.1,4.1,10.3,16.2,5.7,4.3
Leeds North East,100.0,18.0,10.5,13.0,2.4,10.5,40.7,4.9,4.9
Leeds North West,100.0,14.1,8.7,11.9,2.8,26.1,33.3,3.2,24.2
Leeds West,100.0,27.3,14.3,14.3,3.9,13.5,22.0,4.8,7.5
Morley and Outwood,100.0,24.2,14.7,16.8,5.2,12.3,22.9,4.0,2.5
"Normanton, Pontefract and Castleford",100.0,34.0,15.4,16.3,4.4,10.3,15.0,4.6,2.1
Penistone and Stocksbridge,100.0,24.9,13.4,16.3,5.1,12.1,24.5,3.7,2.5
Pudsey,100.0,19.4,12.7,14.9,5.1,12.0,32.4,3.5,3.3
Richmond (Yorks),100.0,19.0,13.5,16.9,3.9,12.4,29.7,4.7,1.8
Rother Valley,100.0,26.4,15.3,17.1,4.7,12.0,20.5,4.0,2.4
Rotherham,100.0,33.1,16.0,16.3,4.1,10.8,14.3,5.4,3.3
Scarborough and Whitby,100.0,25.4,12.9,16.4,5.2,12.3,23.0,4.8,3.8
Scunthorpe,100.0,27.4,16.7,16.7,4.8,11.5,16.9,6.0,3.0
Selby and Ainsty,100.0,20.4,13.6,16.6,4.8,12.6,27.8,4.3,2.3
Sheffield Central,100.0,15.7,7.7,9.3,1.6,27.7,32.6,5.5,34.8
Sheffield South East,100.0,30.9,15.5,16.1,4.9,11.8,16.1,4.9,3.4
"Sheffield, Brightside and Hillsborough",100.0,34.0,15.8,15.4,3.8,10.0,15.5,5.5,4.5
"Sheffield, Hallam",100.0,13.0,8.0,12.3,2.8,17.3,43.6,3.0,12.9
"Sheffield, Heeley",100.0,29.0,14.2,15.2,4.3,11.3,21.7,4.2,4.2
Shipley,100.0,19.2,12.9,16.0,4.5,12.0,31.7,3.7,2.9
Skipton and Ripon,100.0,19.7,12.0,16.1,4.2,12.1,31.5,4.4,2.1
Thirsk and Malton,100.0,23.5,12.4,16.2,4.3,11.4,28.0,4.3,1.9
Wakefield,100.0,28.1,14.6,15.9,4.4,10.9,20.5,5.7,2.7
Wentworth and Dearne,100.0,32.5,15.4,16.9,4.1,11.5,15.5,4.1,2.4
York Central,100.0,18.1,10.2,12.9,3.8,18.0,32.7,4.3,14.6
York Outer,100.0,17.8,11.1,15.0,5.2,15.1,32.1,3.9,7.8
Amber Valley,100.0,29.7,14.8,15.9,4.8,12.0,18.7,4.1,2.3
Ashfield,100.0,32.3,16.5,16.4,4.2,11.6,14.6,4.4,2.4
Bassetlaw,100.0,28.8,14.6,16.5,4.2,11.2,19.8,4.8,2.4
Bolsover,100.0,32.8,15.2,16.2,3.7,11.3,16.3,4.4,2.4
Boston and Skegness,100.0,34.8,14.7,15.2,3.5,9.2,14.4,8.2,2.0
Bosworth,100.0,24.8,14.3,16.1,4.8,12.4,23.7,4.0,2.4
Broxtowe,100.0,21.8,12.4,14.7,4.4,12.2,30.3,4.2,5.2
Charnwood,100.0,22.5,13.7,15.6,5.5,12.2,26.3,4.2,3.3
Chesterfield,100.0,27.1,14.2,17.0,4.0,12.2,21.7,4.0,2.6
Corby,100.0,24.7,15.7,17.3,4.1,11.3,20.7,6.3,2.6
Daventry,100.0,19.2,14.7,17.0,4.6,11.7,28.6,4.2,2.5
Derby North,100.0,21.5,12.4,14.3,4.7,15.4,26.9,4.9,9.7
Derby South,100.0,28.7,14.5,14.4,4.6,10.9,19.3,7.7,4.9
Derbyshire Dales,100.0,21.4,11.8,14.9,3.5,11.0,33.8,3.7,2.1
Erewash,100.0,26.9,15.9,16.7,5.2,12.4,18.9,4.1,2.6
Gainsborough,100.0,23.1,13.8,16.6,5.1,11.9,25.2,4.2,2.3
Gedling,100.0,23.9,14.1,15.9,4.5,13.1,24.3,4.1,3.0
Grantham and Stamford,100.0,22.1,13.9,17.4,4.5,12.3,24.8,5.1,2.2
Harborough,100.0,20.9,13.2,15.6,4.3,13.4,27.7,4.8,5.5
High Peak,100.0,20.9,13.1,16.0,4.0,13.1,29.4,3.5,3.4
Kettering,100.0,22.8,15.5,17.0,4.3,11.8,23.3,5.3,2.4
Leicester East,100.0,32.3,13.8,12.3,2.0,9.0,18.3,12.2,6.4
Leicester South,100.0,24.6,11.5,11.8,1.7,17.0,24.8,8.6,20.4
Leicester West,100.0,29.3,13.8,13.8,2.5,12.4,19.9,8.2,9.2
Lincoln,100.0,21.5,13.3,16.2,3.8,18.1,21.9,5.2,10.9
Loughborough,100.0,18.8,11.0,13.3,4.4,20.2,27.6,4.7,16.7
Louth and Horncastle,100.0,30.6,13.8,15.9,4.4,11.0,19.8,4.6,2.0
Mansfield,100.0,30.4,15.7,16.5,3.7,12.1,16.4,5.3,2.5
Mid Derbyshire,100.0,19.7,12.2,15.0,5.7,12.5,31.3,3.6,2.5
Newark,100.0,22.2,13.2,15.9,4.1,12.1,28.0,4.5,2.8
North East Derbyshire,100.0,26.4,14.2,16.9,4.5,12.0,22.2,3.8,2.3
North West Leicestershire,100.0,26.0,13.2,15.4,4.5,12.4,24.3,4.3,2.8
Northampton North,100.0,24.7,14.8,15.5,3.8,12.9,21.5,6.8,7.2
Northampton South,100.0,23.5,15.0,15.6,3.3,11.6,22.8,8.2,5.1
Nottingham East,100.0,22.6,11.4,12.6,1.8,18.0,26.0,7.7,17.9
Nottingham North,100.0,35.8,16.2,15.9,3.0,10.4,13.3,5.3,4.3
Nottingham South,100.0,20.0,9.9,10.9,2.1,25.5,25.3,6.3,29.9
Rushcliffe,100.0,16.2,10.1,14.0,3.3,13.2,39.9,3.3,5.5
Rutland and Melton,100.0,19.4,13.1,16.7,4.4,12.4,29.9,4.1,2.6
Sherwood,100.0,27.5,15.1,16.3,4.3,12.2,20.5,4.2,2.3
Sleaford and North Hykeham,100.0,22.0,13.6,17.1,4.4,12.6,26.1,4.2,2.2
South Derbyshire,100.0,22.0,14.1,16.6,4.8,12.8,26.0,3.7,2.7
South Holland and The Deepings,100.0,29.3,15.2,16.5,3.8,10.5,17.1,7.4,1.7
South Leicestershire,100.0,21.0,14.6,16.5,5.5,12.6,25.7,4.1,2.8
South Northamptonshire,100.0,16.1,14.3,16.9,4.1,12.7,31.8,4.1,2.3
Wellingborough,100.0,25.4,16.6,16.9,4.3,11.3,19.7,5.9,2.5
Aldridge-Brownhills,100.0,29.5,14.0,16.0,3.8,11.7,20.5,4.5,2.7
"Birmingham, Edgbaston",100.0,21.9,10.5,12.1,1.8,15.9,32.4,5.4,14.2
"Birmingham, Erdington",100.0,33.6,14.5,15.2,2.5,11.4,16.8,6.0,4.9
"Birmingham, Hall Green",100.0,27.6,13.0,12.4,1.4,10.8,27.0,7.8,7.8
"Birmingham, Hodge Hill",100.0,39.2,15.6,13.6,1.6,9.6,12.1,8.3,7.0
"Birmingham, Ladywood",100.0,26.3,12.1,11.5,0.9,14.6,24.9,9.7,19.4
"Birmingham, Northfield",100.0,30.0,14.9,16.1,3.1,12.1,19.6,4.3,4.2
"Birmingham, Perry Barr",100.0,29.0,14.2,14.2,2.1,12.6,19.2,8.7,9.0
"Birmingham, Selly Oak",100.0,22.7,11.0,12.8,2.2,20.0,26.9,4.4,17.8
"Birmingham, Yardley",100.0,33.4,15.2,15.1,2.6,10.9,16.0,6.8,4.6
Bromsgrove,100.0,21.3,12.8,15.8,4.1,11.7,30.5,3.7,2.8
Burton,100.0,25.4,14.5,16.2,4.2,11.7,22.0,6.0,2.8
Cannock Chase,100.0,28.2,16.3,17.8,3.6,12.7,17.2,4.2,2.7
Coventry North East,100.0,28.3,14.8,14.2,3.8,10.9,19.3,8.6,6.8
Coventry North West,100.0,23.5,13.9,15.0,4.8,13.5,22.9,6.3,7.7
Coventry South,100.0,20.0,11.2,13.0,3.6,18.2,26.8,7.2,19.8
Dudley North,100.0,32.7,14.3,16.3,3.3,11.4,17.0,4.9,3.4
Dudley South,100.0,31.1,14.8,17.1,3.6,11.6,17.2,4.5,2.7
Halesowen and Rowley Regis,100.0,30.6,14.5,16.3,3.5,11.9,19.0,4.4,3.2
Hereford and South Herefordshire,100.0,24.0,13.2,16.2,3.5,12.3,25.2,5.6,2.9
Kenilworth and Southam,100.0,16.4,10.6,14.4,4.1,12.8,38.0,3.7,5.1
Lichfield,100.0,22.0,13.3,15.9,3.6,12.0,29.3,4.0,2.5
Ludlow,100.0,23.6,12.8,16.4,3.3,11.7,28.4,3.9,2.0
Meriden,100.0,24.8,14.6,16.1,3.3,11.3,26.2,3.8,2.9
Mid Worcestershire,100.0,22.7,13.4,15.6,4.0,11.6,27.6,5.1,2.5
Newcastle-under-Lyme,100.0,26.4,12.4,15.5,3.6,15.4,22.7,4.0,9.5
North Herefordshire,100.0,21.8,12.2,15.7,3.6,11.7,30.1,4.8,2.2
North Shropshire,100.0,23.8,13.9,17.3,3.7,11.9,24.9,4.6,2.8
North Warwickshire,100.0,28.8,15.6,16.4,4.4,11.7,18.4,4.7,2.5
Nuneaton,100.0,27.0,15.6,16.8,4.5,11.9,19.4,4.9,2.9
Redditch,100.0,24.6,15.5,16.9,3.7,12.0,21.7,5.5,3.2
Rugby,100.0,20.5,13.5,16.0,5.4,11.7,26.7,6.2,2.7
Shrewsbury and Atcham,100.0,20.5,12.6,16.7,4.1,12.6,29.3,4.2,2.8
Solihull,100.0,20.4,12.5,16.1,3.6,12.1,31.1,4.2,3.3
South Staffordshire,100.0,24.5,14.0,16.5,4.0,12.5,24.5,3.9,2.9
Stafford,100.0,20.4,13.3,16.2,3.5,13.8,28.4,4.5,5.6
Staffordshire Moorlands,100.0,26.6,12.7,15.8,4.2,12.2,24.1,4.4,2.6
Stoke-on-Trent Central,100.0,31.9,13.7,15.0,3.1,13.7,17.1,5.5,9.8
Stoke-on-Trent North,100.0,35.5,15.0,16.1,3.8,10.8,13.7,5.0,3.5
Stoke-on-Trent South,100.0,33.5,14.3,16.7,3.9,11.4,15.8,4.4,3.3
Stone,100.0,22.0,12.3,15.8,3.7,11.8,30.4,4.0,2.8
Stourbridge,100.0,27.6,13.9,16.8,3.4,12.3,21.9,4.1,3.0
Stratford-on-Avon,100.0,19.5,11.8,15.5,3.5,11.5,33.6,4.7,2.4
Sutton Coldfield,100.0,18.5,12.2,15.4,3.4,12.0,34.9,3.6,3.1
Tamworth,100.0,25.9,16.8,17.5,3.7,12.2,19.6,4.3,2.8
Telford,100.0,26.7,16.3,18.2,3.3,12.1,18.3,5.1,3.0
The Wrekin,100.0,21.9,13.6,17.5,3.4,14.0,24.7,4.9,4.8
Walsall North,100.0,39.0,15.3,15.3,2.8,10.1,12.3,5.1,3.1
Walsall South,100.0,32.1,14.4,14.7,2.4,10.8,18.3,7.3,5.3
Warley,100.0,33.3,13.8,13.9,2.3,10.3,18.3,8.2,5.6
Warwick and Leamington,100.0,17.4,10.5,12.5,3.1,14.7,36.9,5.0,9.2
West Bromwich East,100.0,35.3,14.2,14.3,2.8,10.1,15.3,8.1,4.0
West Bromwich West,100.0,36.6,14.8,15.4,2.7,10.6,13.1,6.8,3.6
West Worcestershire,100.0,20.4,11.3,15.5,3.9,11.4,33.7,3.9,2.6
Wolverhampton North East,100.0,33.7,15.4,15.7,3.2,10.7,15.0,6.3,4.9
Wolverhampton South East,100.0,37.2,14.9,14.7,2.5,9.6,13.9,7.2,4.4
Wolverhampton South West,100.0,23.5,12.2,14.5,2.6,11.5,28.6,7.0,7.1
Worcester,100.0,21.3,12.7,14.9,3.9,14.5,27.7,5.0,6.5
Wyre Forest,100.0,27.8,14.2,16.1,3.8,11.4,22.1,4.6,2.4
Basildon and Billericay,100.0,25.8,17.7,17.4,3.4,10.7,20.6,4.3,2.3
Bedford,100.0,22.4,14.1,14.9,3.5,11.8,25.1,8.2,6.3
Braintree,100.0,22.3,16.5,18.3,4.0,12.2,22.0,4.6,2.2
Brentwood and Ongar,100.0,20.9,14.7,17.0,3.4,11.3,28.7,3.9,2.6
Broadland,100.0,23.0,14.4,17.5,5.0,11.9,24.0,4.3,2.0
Broxbourne,100.0,25.1,17.5,17.2,3.6,11.3,19.9,5.4,3.3
Bury St Edmunds,100.0,21.3,13.9,16.9,4.0,12.6,26.4,4.8,2.1
Cambridge,100.0,12.0,7.0,8.6,1.9,17.1,46.8,6.5,23.6
Castle Point,100.0,29.9,18.0,17.8,4.6,10.6,14.6,4.4,1.9
Central Suffolk and North Ipswich,100.0,23.1,13.6,16.4,4.3,11.8,26.7,4.1,2.2
Chelmsford,100.0,18.2,14.9,17.0,3.5,12.6,29.6,4.2,3.5
Clacton,100.0,38.8,14.9,15.3,3.9,8.7,13.4,5.0,1.9
Colchester,100.0,19.2,14.7,16.9,2.9,14.0,26.9,5.4,7.8
Epping Forest,100.0,23.5,15.4,16.1,3.1,11.1,26.3,4.6,3.4
Great Yarmouth,100.0,32.8,15.7,16.1,4.7,10.6,14.2,5.9,2.5
Harlow,100.0,25.7,18.4,17.2,3.7,11.2,18.4,5.4,2.9
Harwich and North Essex,100.0,23.0,14.3,16.9,4.2,12.5,24.3,4.8,5.8
Hemel Hempstead,100.0,20.7,16.3,16.5,3.7,11.7,26.1,4.9,3.0
Hertford and Stortford,100.0,16.9,13.5,16.6,3.1,11.9,33.9,4.1,2.8
Hertsmere,100.0,19.4,14.1,15.8,2.9,11.2,30.8,5.8,4.6
Hitchin and Harpenden,100.0,14.0,10.8,14.3,3.0,11.0,43.1,3.8,2.8
Huntingdon,100.0,19.1,14.6,16.5,3.7,12.0,28.5,5.5,2.5
Ipswich,100.0,24.9,15.7,16.2,3.6,11.5,21.8,6.4,3.5
Luton North,100.0,24.4,15.1,15.3,3.7,10.7,21.8,9.0,5.5
Luton South,100.0,22.9,14.1,13.9,3.1,11.4,22.8,11.7,10.9
Maldon,100.0,22.1,16.1,18.0,4.4,11.5,24.2,3.8,2.0
Mid Bedfordshire,100.0,17.2,13.7,16.7,4.8,12.8,31.0,3.8,4.3
Mid Norfolk,100.0,26.3,14.5,17.4,4.1,11.4,21.3,5.0,2.0
North East Bedfordshire,100.0,18.0,14.3,16.5,4.6,12.3,30.1,4.1,2.5
North East Cambridgeshire,100.0,30.2,15.6,16.9,4.1,10.6,15.9,6.7,1.9
North East Hertfordshire,100.0,19.3,14.0,16.4,3.6,11.5,31.2,4.0,2.6
North Norfolk,100.0,27.3,14.1,16.2,4.7,10.4,22.6,4.7,1.5
North West Cambridgeshire,100.0,20.0,15.1,17.6,3.8,12.7,25.5,5.3,2.4
North West Norfolk,100.0,29.2,14.4,16.4,3.8,10.4,19.5,6.3,2.2
Norwich North,100.0,26.3,15.6,16.7,4.9,11.7,19.8,5.0,2.7
Norwich South,100.0,20.8,11.6,12.9,2.5,16.5,30.7,5.1,14.3
Peterborough,100.0,27.8,15.4,15.4,3.4,9.8,17.7,10.5,3.3
Rayleigh and Wickford,100.0,23.5,17.8,18.5,4.5,12.0,19.9,3.9,1.9
Rochford and Southend East,100.0,26.1,17.3,17.7,2.8,11.1,19.5,5.5,3.3
Saffron Walden,100.0,18.4,13.9,17.0,3.4,12.1,31.3,3.9,2.8
South Basildon and East Thurrock,100.0,28.0,19.2,17.9,3.9,10.9,15.6,4.5,2.6
South Cambridgeshire,100.0,14.5,10.6,13.9,3.6,11.7,41.8,3.9,4.3
South East Cambridgeshire,100.0,18.4,12.0,14.9,4.2,11.2,34.3,5.0,2.4
South Norfolk,100.0,22.2,13.5,17.1,4.1,11.6,27.5,4.0,2.1
South Suffolk,100.0,22.7,14.4,17.5,3.9,11.6,26.0,3.9,2.0
South West Bedfordshire,100.0,21.2,15.9,17.1,4.6,12.4,24.4,4.4,3.0
South West Hertfordshire,100.0,16.0,12.0,15.3,3.0,11.3,38.2,4.2,2.9
South West Norfolk,100.0,29.1,14.9,16.0,3.8,11.3,17.7,7.1,2.0
Southend West,100.0,23.2,15.8,17.5,3.2,11.7,23.7,4.8,2.4
St Albans,100.0,13.8,10.5,13.3,2.8,10.5,44.5,4.6,3.6
Stevenage,100.0,20.9,17.4,17.6,3.7,11.7,23.9,4.8,3.4
Suffolk Coastal,100.0,22.8,13.9,16.6,4.2,11.0,26.9,4.6,1.9
Thurrock,100.0,26.5,17.9,17.1,3.0,10.7,18.1,6.7,2.9
Watford,100.0,17.7,13.6,15.4,3.2,11.7,31.6,6.8,4.2
Waveney,100.0,30.1,14.4,16.3,5.5,11.8,17.1,4.8,2.1
Welwyn Hatfield,100.0,17.2,13.0,14.8,3.2,15.9,29.9,5.9,13.6
West Suffolk,100.0,25.0,14.7,15.9,4.0,10.9,20.2,9.4,2.3
Witham,100.0,22.7,15.9,17.6,4.1,11.7,23.8,4.1,2.2
Barking,100.0,27.2,14.8,14.6,1.9,9.1,21.8,10.7,7.9
Battersea,100.0,10.7,6.0,7.8,0.9,8.8,57.4,8.3,5.4
Beckenham,100.0,15.6,13.1,16.6,2.7,12.0,35.5,4.5,3.1
Bermondsey and Old Southwark,100.0,15.8,8.7,9.1,1.1,11.2,44.5,9.7,14.1
Bethnal Green and Bow,100.0,20.8,9.0,8.7,0.8,11.1,39.6,9.9,14.3
Bexleyheath and Crayford,100.0,23.8,17.6,17.8,4.0,11.3,20.3,5.1,3.9
Brent Central,100.0,20.9,11.2,11.2,1.3,9.9,29.8,15.8,9.0
Brent North,100.0,18.8,10.3,11.0,1.2,9.6,32.9,16.1,9.8
Brentford and Isleworth,100.0,13.8,9.4,10.4,1.4,10.0,42.8,12.2,7.5
Bromley and Chislehurst,100.0,19.0,13.4,15.6,2.5,11.2,33.1,5.4,3.6
Camberwell and Peckham,100.0,18.3,10.8,11.8,1.2,10.4,37.6,9.9,10.6
Carshalton and Wallington,100.0,20.1,15.1,16.7,2.9,12.0,27.2,5.9,3.9
Chelsea and Fulham,100.0,10.3,5.8,8.2,0.9,10.2,53.7,10.8,7.1
Chingford and Woodford Green,100.0,21.6,13.9,14.9,2.7,11.0,29.4,6.6,4.5
Chipping Barnet,100.0,16.0,10.8,13.5,1.9,10.8,39.3,7.8,5.3
Cities of London and Westminster,100.0,10.0,5.7,7.3,0.7,9.8,54.5,12.0,11.5
Croydon Central,100.0,19.8,14.5,15.4,2.3,11.2,29.6,7.2,5.2
Croydon North,100.0,17.8,13.8,14.4,1.6,11.1,30.5,10.7,8.0
Croydon South,100.0,15.2,13.1,16.1,2.5,12.1,35.3,5.7,4.1
Dagenham and Rainham,100.0,29.6,16.5,16.3,3.1,9.9,17.6,6.9,4.9
Dulwich and West Norwood,100.0,14.2,8.8,10.5,1.2,9.6,47.6,8.2,6.5
Ealing Central and Acton,100.0,11.6,7.0,8.8,1.3,9.5,48.4,13.4,7.3
Ealing North,100.0,19.0,11.6,11.9,1.8,9.7,30.4,15.6,6.6
"Ealing, Southall",100.0,19.4,11.4,10.8,1.2,9.7,30.8,16.7,9.2
East Ham,100.0,20.5,11.9,11.1,1.0,9.7,29.8,16.1,15.8
Edmonton,100.0,27.3,14.0,14.1,1.7,10.1,22.3,10.6,8.1
Eltham,100.0,23.5,13.3,14.5,2.8,11.3,27.8,6.8,6.7
Enfield North,100.0,24.3,14.5,14.6,2.4,10.6,25.9,7.7,5.7
"Enfield, Southgate",100.0,17.2,10.1,12.6,1.7,10.9,38.2,9.2,7.0
Erith and Thamesmead,100.0,22.4,15.1,15.7,2.6,10.5,24.9,8.8,7.5
Feltham and Heston,100.0,21.1,14.3,12.8,1.9,9.5,25.8,14.6,7.3
Finchley and Golders Green,100.0,13.3,7.7,10.3,0.9,9.5,46.5,11.7,7.2
Greenwich and Woolwich,100.0,17.8,10.0,11.5,1.2,10.4,40.0,8.9,10.3
Hackney North and Stoke Newington,100.0,20.0,8.8,9.7,0.9,8.8,42.1,9.6,8.2
Hackney South and Shoreditch,100.0,19.1,9.1,10.5,1.0,9.7,41.5,9.1,9.9
Hammersmith,100.0,13.6,7.4,8.5,1.2,10.7,47.5,11.1,9.7
Hampstead and Kilburn,100.0,11.5,6.3,7.9,0.9,8.6,54.0,10.8,7.2
Harrow East,100.0,19.7,11.6,12.9,1.7,10.1,32.7,11.2,6.9
Harrow West,100.0,14.7,10.7,12.5,1.6,10.8,38.5,11.1,7.4
Hayes and Harlington,100.0,22.3,15.5,13.5,2.4,10.1,23.0,13.1,8.1
Hendon,100.0,17.3,10.5,12.5,1.3,10.3,35.2,12.9,9.3
Holborn and St Pancras,100.0,14.7,7.7,8.3,0.9,14.6,45.2,8.7,17.6
Hornchurch and Upminster,100.0,26.4,16.5,17.4,3.7,11.3,20.0,4.6,3.3
Hornsey and Wood Green,100.0,12.4,7.0,9.3,0.9,9.4,52.0,9.1,6.7
Ilford North,100.0,20.4,13.5,14.2,2.1,10.7,30.1,9.0,6.0
Ilford South,100.0,18.4,12.1,12.5,1.3,10.2,32.5,13.0,10.4
Islington North,100.0,16.5,8.2,8.6,1.0,9.3,48.8,7.6,8.3
Islington South and Finsbury,100.0,17.4,7.9,8.2,1.0,10.2,47.4,7.9,13.1
Kensington,100.0,10.5,6.0,7.7,0.7,10.2,52.2,12.8,9.0
Kingston and Surbiton,100.0,14.5,10.5,12.7,2.2,13.8,38.6,7.8,10.2
Lewisham East,100.0,20.1,12.3,13.5,1.7,10.3,34.3,7.8,6.2
Lewisham West and Penge,100.0,17.5,12.1,13.4,1.7,10.5,37.4,7.4,5.6
"Lewisham, Deptford",100.0,15.3,9.7,11.3,1.1,11.6,41.6,9.4,11.6
Leyton and Wanstead,100.0,17.5,10.5,11.7,1.4,9.6,36.3,13.0,9.6
Mitcham and Morden,100.0,20.1,13.0,13.7,2.0,10.6,28.2,12.5,7.3
Old Bexley and Sidcup,100.0,22.0,16.6,18.1,3.8,12.2,22.6,4.5,4.3
Orpington,100.0,20.0,14.8,17.2,3.4,11.7,28.4,4.5,2.8
Poplar and Limehouse,100.0,19.1,9.6,8.6,1.0,9.1,42.5,10.1,10.0
Putney,100.0,11.9,6.5,8.6,1.0,10.8,51.6,9.7,8.0
Richmond Park,100.0,9.6,6.7,9.7,1.2,10.4,55.2,7.2,6.2
Romford,100.0,24.9,16.7,17.5,3.6,11.6,20.6,5.1,3.5
"Ruislip, Northwood and Pinner",100.0,15.2,11.1,14.4,2.8,10.9,39.3,6.4,3.9
Streatham,100.0,13.5,8.5,10.2,1.1,9.6,46.6,10.6,6.6
Sutton and Cheam,100.0,17.1,13.3,15.4,2.8,11.7,32.9,6.8,3.6
Tooting,100.0,12.2,7.3,8.8,1.0,10.4,51.4,8.9,7.3
Tottenham,100.0,23.4,10.5,11.0,1.1,9.8,29.3,14.9,10.3
Twickenham,100.0,11.6,8.2,11.5,1.8,11.6,49.5,5.8,5.4
Uxbridge and South Ruislip,100.0,17.9,13.7,14.5,3.3,15.7,27.7,7.3,13.0
Vauxhall,100.0,14.2,7.9,8.8,0.9,9.5,48.7,10.0,9.0
Walthamstow,100.0,20.6,11.6,11.8,1.3,9.5,31.3,14.1,8.3
West Ham,100.0,20.8,11.0,11.3,1.1,10.0,30.5,15.4,14.1
Westminster North,100.0,15.3,7.4,8.2,0.8,8.3,47.3,12.8,8.3
Wimbledon,100.0,10.0,6.7,9.7,1.4,9.2,54.4,8.6,4.6
Aldershot,100.0,18.5,16.4,17.1,3.7,12.5,25.0,6.8,3.3
Arundel and South Downs,100.0,17.9,12.5,17.2,3.5,12.0,33.0,3.9,2.1
Ashford,100.0,21.3,15.8,17.8,3.8,12.0,24.3,5.0,2.7
Aylesbury,100.0,18.1,14.4,16.6,3.7,12.1,30.0,5.1,2.7
Banbury,100.0,19.7,15.5,16.2,3.9,11.8,27.3,5.6,2.6
Basingstoke,100.0,17.7,15.7,16.9,3.7,12.6,28.0,5.3,2.5
Beaconsfield,100.0,16.5,11.8,14.9,3.6,11.1,37.0,5.0,2.8
Bexhill and Battle,100.0,23.4,14.0,16.9,3.8,11.6,25.9,4.4,2.2
Bognor Regis and Littlehampton,100.0,26.0,14.8,16.8,4.0,11.7,20.1,6.5,3.0
Bracknell,100.0,16.5,15.1,16.9,3.4,12.7,30.5,5.0,2.5
"Brighton, Kemptown",100.0,22.5,13.2,13.5,2.9,15.4,27.0,5.5,11.1
"Brighton, Pavilion",100.0,12.2,9.3,11.6,1.8,19.6,40.4,5.1,17.5
Buckingham,100.0,16.2,12.4,16.0,3.7,12.2,35.7,3.8,3.1
Canterbury,100.0,17.9,10.6,13.5,2.9,19.9,29.7,5.5,19.0
Chatham and Aylesford,100.0,24.2,17.3,18.4,4.5,12.2,18.1,5.3,3.4
Chesham and Amersham,100.0,14.7,10.7,15.1,3.3,11.1,41.0,4.2,2.5
Chichester,100.0,19.5,11.5,15.8,3.5,12.8,32.4,4.4,4.6
Crawley,100.0,20.1,18.0,17.1,3.4,11.3,21.5,8.5,3.0
Dartford,100.0,21.1,17.2,18.1,4.3,11.5,22.3,5.4,2.8
Dover,100.0,25.5,15.0,17.7,3.6,12.2,20.7,5.3,2.7
East Hampshire,100.0,17.0,12.4,16.5,3.3,12.7,34.1,4.0,2.5
East Surrey,100.0,17.2,14.0,17.6,3.1,12.4,31.4,4.3,2.6
East Worthing and Shoreham,100.0,23.6,15.5,16.8,4.1,11.8,23.7,4.5,2.7
Eastbourne,100.0,23.4,13.7,16.6,3.6,12.5,24.4,5.7,4.6
Eastleigh,100.0,18.5,14.9,17.4,5.8,13.5,26.0,4.0,2.6
Epsom and Ewell,100.0,15.8,12.1,16.0,2.8,11.9,36.4,4.9,4.0
Esher and Walton,100.0,13.9,10.3,14.0,2.3,11.1,42.8,5.5,2.9
Fareham,100.0,17.4,13.3,17.2,5.5,13.5,29.5,3.6,2.9
Faversham and Mid Kent,100.0,22.9,14.8,16.9,4.3,11.5,25.3,4.4,2.4
Folkestone and Hythe,100.0,24.4,14.8,17.5,3.8,11.9,22.2,5.3,2.9
Gillingham and Rainham,100.0,22.1,16.9,18.5,4.9,13.3,19.1,5.2,5.5
Gosport,100.0,21.2,15.5,17.8,5.1,13.3,23.0,4.2,2.7
Gravesham,100.0,24.4,16.4,17.0,4.3,11.1,20.0,7.0,3.0
Guildford,100.0,13.6,9.9,13.1,2.6,14.9,40.6,5.3,11.7
Hastings and Rye,100.0,25.5,15.5,17.2,3.2,11.8,21.8,5.0,3.0
Havant,100.0,26.1,14.7,16.9,4.5,11.8,22.2,3.9,2.6
Henley,100.0,15.8,11.2,14.7,3.8,11.9,38.7,3.9,2.4
Horsham,100.0,15.6,13.7,18.0,3.4,13.0,32.2,4.1,2.4
Hove,100.0,16.5,11.8,13.5,2.3,11.8,38.4,5.6,4.6
Isle of Wight,100.0,24.3,14.6,16.8,5.0,12.2,22.6,4.5,2.2
Lewes,100.0,20.9,13.2,15.6,3.2,11.5,31.4,4.2,2.6
Maidenhead,100.0,15.2,11.5,14.0,3.2,11.1,39.5,5.5,2.4
Maidstone and The Weald,100.0,19.3,14.1,17.6,3.8,12.5,27.2,5.6,3.0
Meon Valley,100.0,17.8,12.8,16.8,4.8,12.4,31.8,3.5,2.6
Mid Sussex,100.0,14.6,13.6,17.4,3.3,13.4,33.5,4.3,2.4
Milton Keynes North,100.0,16.9,15.5,16.4,3.4,11.5,29.5,6.7,3.8
Milton Keynes South,100.0,19.1,16.4,16.9,3.4,11.4,27.0,5.9,3.3
Mole Valley,100.0,15.6,11.5,16.0,2.8,11.4,38.5,4.2,2.3
New Forest East,100.0,20.2,14.0,17.0,6.0,12.8,25.8,4.1,2.1
New Forest West,100.0,22.1,12.5,16.3,4.8,11.2,28.8,4.3,2.0
Newbury,100.0,17.4,13.7,16.2,3.6,12.2,32.5,4.4,2.0
North East Hampshire,100.0,13.3,12.1,15.8,3.4,12.9,38.9,3.6,2.2
North Thanet,100.0,28.4,15.2,16.5,4.2,11.3,19.5,5.0,2.8
North West Hampshire,100.0,18.9,14.5,16.7,4.5,12.8,28.3,4.2,2.0
Oxford East,100.0,15.4,9.3,9.4,2.0,19.0,37.7,7.2,24.0
Oxford West and Abingdon,100.0,14.4,9.9,12.0,3.6,11.7,43.4,5.0,9.0
Portsmouth North,100.0,23.9,15.4,17.1,5.1,13.2,20.7,4.6,3.7
Portsmouth South,100.0,18.8,11.2,13.2,2.9,22.0,26.2,5.6,20.5
Reading East,100.0,14.2,10.8,11.9,2.5,15.5,38.4,6.8,12.5
Reading West,100.0,20.9,15.6,14.9,3.6,10.8,27.7,6.5,3.1
Reigate,100.0,16.2,12.4,16.1,2.7,11.8,36.1,4.7,2.6
Rochester and Strood,100.0,22.3,16.6,18.2,4.8,12.6,20.5,5.1,4.2
Romsey and Southampton North,100.0,16.6,10.8,14.0,3.7,16.2,34.1,4.7,11.6
Runnymede and Weybridge,100.0,16.6,12.0,14.2,3.1,14.2,33.8,6.1,8.6
Sevenoaks,100.0,19.0,13.7,16.3,3.4,10.9,32.5,4.2,2.5
Sittingbourne and Sheppey,100.0,28.2,16.9,17.5,4.5,11.3,16.5,5.0,2.4
Slough,100.0,20.3,14.6,13.3,2.2,10.0,25.9,13.7,5.8
South Thanet,100.0,27.0,14.1,16.3,3.8,11.3,21.9,5.5,3.5
South West Surrey,100.0,15.1,10.2,14.8,2.9,12.3,40.7,4.1,3.6
"Southampton, Itchen",100.0,22.3,14.7,15.9,4.8,16.2,20.7,5.4,10.3
"Southampton, Test",100.0,21.0,12.3,12.9,2.9,16.5,26.9,7.5,13.9
Spelthorne,100.0,20.4,16.1,16.1,3.9,11.4,25.9,6.2,2.5
Surrey Heath,100.0,15.9,13.7,16.2,3.6,12.3,33.3,4.9,2.6
Tonbridge and Malling,100.0,19.1,13.9,17.2,3.5,11.9,30.4,3.9,2.5
Tunbridge Wells,100.0,16.9,12.4,16.4,2.8,12.0,34.9,4.6,2.9
Wantage,100.0,17.2,12.9,15.2,3.8,11.9,34.9,4.0,2.3
Wealden,100.0,18.3,13.9,17.5,3.5,12.5,30.2,4.1,2.4
Winchester,100.0,13.8,9.3,14.6,3.1,14.4,41.0,3.8,7.8
Windsor,100.0,14.8,12.1,15.1,3.0,11.7,37.7,5.6,3.1
Witney,100.0,17.6,13.3,15.8,3.9,12.3,32.9,4.1,2.1
Woking,100.0,15.2,12.2,14.4,2.6,11.3,38.0,6.2,3.2
Wokingham,100.0,12.7,11.7,15.2,3.2,12.5,40.6,4.1,3.0
Worthing West,100.0,23.0,13.9,17.0,3.8,11.8,25.5,5.0,2.5
Wycombe,100.0,17.9,13.0,15.0,3.4,12.9,31.4,6.3,6.2
Bath,100.0,13.9,8.6,12.1,2.7,20.3,38.0,4.4,18.1
Bournemouth East,100.0,18.6,13.2,15.7,3.7,13.9,28.1,6.8,6.6
Bournemouth West,100.0,20.9,13.1,15.4,4.0,17.2,23.4,5.9,12.3
Bridgwater and West Somerset,100.0,25.4,14.7,17.1,4.5,11.6,21.7,5.0,2.2
Bristol East,100.0,23.8,14.9,15.5,4.3,13.1,23.1,5.3,5.4
Bristol North West,100.0,21.4,12.1,13.5,3.1,12.5,32.4,5.1,7.2
Bristol South,100.0,27.9,15.1,14.0,3.8,10.6,24.3,4.4,3.4
Bristol West,100.0,10.2,6.9,9.2,1.1,20.5,47.2,5.0,21.6
Camborne and Redruth,100.0,24.2,13.3,17.2,4.8,13.8,22.2,4.4,4.6
Central Devon,100.0,20.5,12.7,16.4,3.8,11.7,30.9,4.0,1.9
Cheltenham,100.0,16.3,11.2,14.2,3.0,14.0,36.7,4.5,7.4
Chippenham,100.0,18.2,14.4,17.2,4.0,12.5,29.9,3.7,2.4
Christchurch,100.0,24.4,13.4,16.3,5.4,11.0,24.9,4.6,2.0
Devizes,100.0,17.1,14.8,18.4,3.8,13.2,28.5,4.2,2.0
East Devon,100.0,19.4,13.0,16.9,4.0,11.4,31.1,4.2,2.0
Exeter,100.0,18.5,12.5,13.9,3.1,18.9,27.9,5.2,15.7
Filton and Bradley Stoke,100.0,16.4,13.9,15.7,4.7,14.9,29.6,4.8,6.4
Forest of Dean,100.0,24.1,14.2,16.8,4.5,12.0,24.6,3.9,2.9
Gloucester,100.0,22.2,16.2,17.1,4.2,13.0,21.8,5.4,3.8
Kingswood,100.0,21.2,16.0,17.4,6.2,13.3,22.2,3.7,2.6
Mid Dorset and North Poole,100.0,18.9,14.6,17.5,5.3,12.8,27.1,3.9,2.3
Newton Abbot,100.0,22.5,14.2,17.0,4.7,11.9,25.5,4.3,2.2
North Cornwall,100.0,24.2,14.5,17.6,4.2,12.1,23.0,4.5,2.3
North Devon,100.0,24.1,14.4,17.2,4.7,12.4,22.9,4.3,2.2
North Dorset,100.0,19.7,14.2,17.5,4.3,12.5,27.5,4.2,1.9
North East Somerset,100.0,20.6,13.6,16.5,4.8,12.3,28.6,3.5,3.2
North Somerset,100.0,16.4,12.8,16.6,4.3,12.4,34.0,3.4,2.2
North Swindon,100.0,21.4,18.1,17.6,5.1,12.1,20.8,4.9,2.4
North Wiltshire,100.0,17.6,13.5,17.0,3.7,12.6,32.1,3.5,2.1
"Plymouth, Moor View",100.0,28.7,15.6,17.6,5.8,12.6,15.7,4.1,3.6
"Plymouth, Sutton and Devonport",100.0,18.5,11.9,15.6,3.8,21.0,24.6,4.6,16.6
Poole,100.0,22.0,13.9,16.1,4.7,12.0,26.3,4.9,2.8
Salisbury,100.0,19.3,12.4,16.0,3.6,12.3,32.2,4.2,2.3
Somerton and Frome,100.0,20.9,13.2,16.8,4.2,12.0,28.9,4.0,2.1
South Dorset,100.0,21.8,14.6,17.3,5.0,12.8,24.1,4.5,2.1
South East Cornwall,100.0,21.2,13.3,17.4,5.2,12.5,26.3,4.0,2.6
South Swindon,100.0,19.6,16.8,17.1,3.9,11.2,24.7,6.8,3.1
South West Devon,100.0,17.9,13.0,17.4,6.3,13.6,28.1,3.6,2.7
South West Wiltshire,100.0,20.9,14.9,17.4,4.1,12.6,25.1,5.0,2.1
St Austell and Newquay,100.0,24.9,14.5,18.4,4.7,12.6,20.6,4.4,2.6
St Ives,100.0,21.8,13.0,17.4,4.4,12.5,26.6,4.2,2.5
Stroud,100.0,18.3,13.3,15.8,4.7,12.3,32.1,3.6,2.4
Taunton Deane,100.0,20.5,13.0,17.9,3.7,12.3,28.1,4.6,2.9
Tewkesbury,100.0,18.7,13.8,16.8,4.5,12.4,29.7,4.2,2.5
The Cotswolds,100.0,18.4,12.5,15.6,3.3,11.8,34.4,4.0,3.1
Thornbury and Yate,100.0,18.4,14.8,17.0,5.2,12.7,28.1,3.8,2.4
Tiverton and Honiton,100.0,23.5,13.8,17.1,4.1,11.7,25.3,4.5,1.7
Torbay,100.0,25.3,15.0,17.5,4.5,12.0,20.7,4.9,2.4
Torridge and West Devon,100.0,23.2,13.6,17.1,4.7,12.0,25.3,4.1,2.0
Totnes,100.0,21.9,13.1,16.2,4.5,11.3,28.8,4.1,2.2
Truro and Falmouth,100.0,18.0,11.5,16.0,4.1,15.1,31.7,3.6,7.0
Wells,100.0,22.8,13.6,17.1,4.2,11.7,26.5,4.1,2.5
West Dorset,100.0,20.2,12.5,16.4,4.4,11.8,30.8,3.9,1.9
Weston-Super-Mare,100.0,22.6,14.5,17.7,4.5,12.9,23.0,4.8,2.9
Yeovil,100.0,22.5,14.2,17.0,5.7,12.7,23.0,5.0,2.0
Ynys Mon,100.0,24.2,12.7,16.2,4.7,11.9,26.1,4.2,3.4
Delyn,100.0,24.5,14.8,16.7,4.5,11.5,23.8,4.1,2.9
Alyn and Deeside,100.0,22.6,15.9,17.8,5.2,12.7,21.3,4.5,2.9
Wrexham,100.0,26.5,13.2,15.8,3.8,11.3,23.8,5.7,5.2
Llanelli,100.0,28.2,13.9,16.5,5.0,10.9,21.0,4.6,3.0
Gower,100.0,20.3,11.9,16.6,4.7,11.4,31.7,3.5,3.3
Swansea West,100.0,20.9,10.0,13.5,3.3,19.2,27.9,5.1,20.1
Swansea East,100.0,30.8,15.2,16.0,4.9,10.7,17.9,4.5,3.8
Aberavon,100.0,32.9,15.0,15.8,5.1,10.6,16.6,4.0,2.8
Cardiff Central,100.0,13.8,8.1,11.0,1.9,25.9,33.5,5.9,30.1
Cardiff North,100.0,16.8,10.6,14.2,3.4,13.8,37.4,3.8,8.8
Rhondda,100.0,37.8,14.5,15.8,3.4,10.5,14.0,3.9,4.0
Torfaen,100.0,29.5,15.4,16.4,4.3,11.2,19.3,4.0,2.9
Monmouth,100.0,21.0,12.0,15.0,3.8,10.5,33.9,3.7,2.5
Newport East,100.0,28.0,15.0,15.7,4.3,11.7,20.5,4.7,4.8
Newport West,100.0,24.9,13.4,15.3,3.9,11.2,26.5,4.6,4.8
Arfon,100.0,21.0,10.6,14.6,3.4,18.1,27.9,4.4,15.5
Aberconwy,100.0,23.7,13.1,16.4,3.9,11.1,27.1,4.6,3.2
Clwyd West,100.0,25.5,12.6,16.1,3.8,11.5,25.9,4.5,3.0
Vale of Clwyd,100.0,27.2,14.6,16.8,3.9,11.5,21.8,4.3,3.6
Dwyfor Meirionnydd,100.0,25.3,12.9,17.6,4.1,11.0,25.0,4.2,2.4
Clwyd South,100.0,26.6,14.6,16.5,4.1,11.6,22.3,4.2,3.2
Montgomeryshire,100.0,25.2,13.3,17.1,3.7,11.5,24.7,4.6,2.1
Ceredigion,100.0,19.8,10.5,15.0,3.2,19.2,27.9,4.3,15.3
Preseli Pembrokeshire,100.0,24.0,13.6,17.0,4.2,11.8,25.4,4.0,2.4
Carmarthen West and South Pembrokeshire,100.0,25.0,13.1,16.5,4.0,12.1,25.0,4.4,3.7
Carmarthen East and Dinefwr,100.0,26.2,12.5,16.4,4.0,10.8,25.9,4.2,2.7
Brecon and Radnorshire,100.0,24.4,11.9,15.8,3.9,11.6,27.8,4.5,2.2
Neath,100.0,29.1,13.8,16.1,5.1,11.2,20.7,3.9,3.1
Cynon Valley,100.0,33.8,14.7,16.2,3.5,10.4,17.4,4.0,3.8
Merthyr Tydfil and Rhymney,100.0,35.7,14.5,15.1,3.6,10.0,16.4,4.6,3.4
Blaenau Gwent,100.0,36.0,15.8,15.5,3.5,9.8,15.2,4.2,2.9
Bridgend,100.0,24.0,13.4,16.2,4.2,11.3,26.6,4.3,3.0
Ogmore,100.0,33.3,14.8,15.6,4.1,10.4,18.0,3.8,2.8
Pontypridd,100.0,25.2,13.0,15.2,3.6,13.0,25.8,4.2,7.8
Caerphilly,100.0,29.3,14.4,16.6,4.0,11.5,20.6,3.6,3.1
Islwyn,100.0,31.6,15.4,16.2,3.9,11.2,18.1,3.7,3.0
Vale of Glamorgan,100.0,21.2,13.7,17.3,4.3,12.1,27.2,4.1,3.2
Cardiff West,100.0,25.2,12.2,13.7,3.1,9.6,31.6,4.6,4.8
Cardiff South and Penarth,100.0,25.6,12.5,13.9,3.1,10.4,29.4,5.1,5.1